Customer Name,Customer Email,Campaign,Product,,,,,,,,
Harvey McWhorter,harveydenv@gmail.com,SmartVideo Evolution A.I. Access,SmartVideo Interactive Design Club - Monthly,,,,,,,,
Hartmut Weidner,hartmut-weidner@mail.de,SmartVideo Evolution A.I. Access,SmartVideo Interactive Design Club - Monthly,,,,,,,,
Curtis Thomas,darkstyle@msn.com,SmartVideo  Interactive Design Club,Social Media Personalized Video Prospecting Bundle,,,,,,,,
Tom Bodner,ThomasPublications@gmail.com,SmartVideo  Interactive Design Club,Social Media Personalized Video Prospecting Bundle,,,,,,,,
Darlene Rogers,rogersdarlene0@gmail.com,SmartVideo Ultra - Homepage,SmartVideo Ultra - Monthly,,,,,,,,
Lloyd Heath,lloydvheath@gmail.com,SmartVideo Evolution A.I. Access,SmartVideo Interactive Design Club - Monthly,,,,,,,,
Brian Devine,brian@toplinemanagement.com,VideoRemix Link-ED,VideoRemix Link-ED (YEARLY),,,,,,,,
Karen Gussie,karrynusa@yahoo.com,VideoRemix Link-ED,VideoRemix Link-ED (YEARLY),,,,,,,,
Sara Barnett,SaraBarnett@gmail.com,SmartVideo Ultra - Homepage,SmartVideo Ultimate,,,,,,,,
Eduardo Gonzalez,EduardoGonzalez@gmail.com,SmartVideo Ultra - Homepage,SmartVideo Ultimate,,,,,,,,
Chloe Holt,ChloeHolt@gmail.com,SmartVideo Ultra - Homepage,SmartVideo Ultimate,,,,,,,,
Heidi Burke,HeidiBurke@gmail.com,SmartVideo Ultra - Homepage,SmartVideo Ultimate,,,,,,,,
Cecil Gonzalez,CecilGonzalez@gmail.com,SmartVideo Ultra - Homepage,SmartVideo Ultimate,,,,,,,,
Rosalyn Berry,RosalynBerry@gmail.com,SmartVideo Ultra - Homepage,SmartVideo Ultimate,,,,,,,,
Louis Knight,LouisKnight@gmail.com,SmartVideo Ultra - Homepage,SmartVideo Ultimate,,,,,,,,
Marvin Ward,MarvinWard@gmail.com,SmartVideo Ultra - Homepage,SmartVideo Ultimate,,,,,,,,
Cameron Nichols,CameronNichols@gmail.com,SmartVideo Ultra - Homepage,SmartVideo Ultimate,,,,,,,,
Samantha Barnes,SamanthaBarnes@gmail.com,SmartVideo Ultra - Homepage,SmartVideo Ultimate,,,,,,,,
Francisco Gray,FranciscoGray@gmail.com,SmartVideo Ultra - Homepage,SmartVideo Ultimate,,,,,,,,
Edward Barrett,EdwardBarrett@gmail.com,SmartVideo Ultra - Homepage,SmartVideo Ultimate,,,,,,,,
Tammy Davis,TammyDavis@gmail.com,SmartVideo Ultra - Homepage,SmartVideo Ultimate,,,,,,,,
Miguel Rice,MiguelRice@gmail.com,SmartVideo Ultra - Homepage,SmartVideo Ultimate,,,,,,,,
Kyle White,KyleWhite@gmail.com,SmartVideo Ultra - Homepage,SmartVideo Ultimate,,,,,,,,
Britney Taylor,BritneyTaylor@gmail.com,SmartVideo Ultra - Homepage,SmartVideo Ultimate,,,,,,,,
Suzanna Romero,SuzannaRomero@gmail.com,SmartVideo Ultra - Homepage,SmartVideo Ultimate,,,,,,,,
Sarah Graves,SarahGraves@gmail.com,SmartVideo Ultra - Homepage,SmartVideo Ultimate,,,,,,,,
Rose Stanley,RoseStanley@gmail.com,SmartVideo Ultra - Homepage,SmartVideo Ultimate,,,,,,,,
Diane Curtis,DianeCurtis@gmail.com,SmartVideo Ultra - Homepage,SmartVideo Ultimate,,,,,,,,
Paige Steward,PaigeSteward@gmail.com,SmartVideo Ultra - Homepage,SmartVideo Ultimate,,,,,,,,
Isabella Shelton,IsabellaShelton@gmail.com,SmartVideo Ultra - Homepage,SmartVideo Ultimate,,,,,,,,
Maria Thompson,MariaThompson@gmail.com,SmartVideo Ultra - Homepage,SmartVideo Ultimate,,,,,,,,
Julia Kuhn,JuliaKuhn@gmail.com,SmartVideo Ultra - Homepage,SmartVideo Ultimate,,,,,,,,
Susie Evans,SusieEvans@gmail.com,SmartVideo Ultra - Homepage,SmartVideo Ultimate,,,,,,,,
Tristan Rodriquez,TristanRodriquez@gmail.com,SmartVideo Ultra - Homepage,SmartVideo Ultimate,,,,,,,,
Lucy Foster,LucyFoster@gmail.com,SmartVideo Ultra - Homepage,SmartVideo Ultimate,,,,,,,,
Jared Powell,JaredPowell@gmail.com,SmartVideo Ultra - Homepage,SmartVideo Ultimate,,,,,,,,
Gabe Butler,GabeButler@gmail.com,SmartVideo Ultra - Homepage,SmartVideo Ultimate,,,,,,,,
Katherine Turner,KatherineTurner@gmail.com,SmartVideo Ultra - Homepage,SmartVideo Ultimate,,,,,,,,
Bradley Austin,BradleyAustin@gmail.com,SmartVideo Ultra - Homepage,SmartVideo Ultimate,,,,,,,,
Franklin Marshall,FranklinMarshall@gmail.com,SmartVideo Ultra - Homepage,SmartVideo Ultimate,,,,,,,,
Ed Barnett,EdBarnett@gmail.com,SmartVideo Ultra - Homepage,SmartVideo Ultimate,,,,,,,,
Alfredo Craig,AlfredoCraig@gmail.com,SmartVideo Ultra - Homepage,SmartVideo Ultimate,,,,,,,,
Gregory Johnson,GregoryJohnson@gmail.com,SmartVideo Ultra - Homepage,SmartVideo Ultimate,,,,,,,,
Megan Larson,MeganLarson@gmail.com,SmartVideo Ultra - Homepage,SmartVideo Ultimate,,,,,,,,
Marie Chambers,MarieChambers@gmail.com,SmartVideo Ultra - Homepage,SmartVideo Ultimate,,,,,,,,
Douglas Jennings,DouglasJennings@gmail.com,SmartVideo Ultra - Homepage,SmartVideo Ultimate,,,,,,,,
Vicki Tucker,VickiTucker@gmail.com,SmartVideo Ultra - Homepage,SmartVideo Ultimate,,,,,,,,
Tracy Wilson,TracyWilson@gmail.com,SmartVideo Ultra - Homepage,SmartVideo Ultimate,,,,,,,,
Suzanna Jennings,SuzannaJennings@gmail.com,SmartVideo Ultra - Homepage,SmartVideo Ultimate,,,,,,,,
Linda Simpson,LindaSimpson@gmail.com,SmartVideo Ultra - Homepage,SmartVideo Ultimate,,,,,,,,
Hartmut Weidner,hartmut-weidner@mail.de,SmartVideo Evolution A.I. Access,SmartVideo Interactive Design Club - Monthly,,,,,,,,
Brian Devine,brian@toplinemanagement.com,VideoRemix Link-ED,VideoRemix Link-ED (YEARLY),,,,,,,,
Milind Tamhane,m_tamhane@yahoo.com,Local360,Local360 - Template Vault - Monthly (Special Promo) - OTO1,,,,,,,,
Reginald Randolph,randolphrj@gmail.com,Local360,Local360 - Template Vault - Monthly (Special Promo) - OTO1,,,,,,,,
Darlene Rogers,rogersdarlene0@gmail.com,Local360,Local360 - Template Vault - Monthly (Special Promo) - OTO1,,,,,,,,
Vincent Janssen,Wolkonmarketing@gmail.com,VideoRemix Link-ED,VideoRemix Link-ED (YEARLY),,,,,,,,
Trenell LeShelle McClure,trenell.leshelle@gmail.com,Local360,Local360 - Template Vault - Monthly (Special Promo) - OTO1,,,,,,,,
Efren Vizcarra,info@expressgeneralstore.com,SmartVideo Evolution,SmartVideo Evolution Beta Launch - Monthly,,,,,,,,
Si Hearn,simon.exitus@gmail.com,VideoRemix Insider Training,VideoRemix Insider Training - Monthly,,,,,,,,
Ryan Waggelmans,wereinteractive@gmail.com,Smart AI Mentor,Smart AI Mentor Unlimited  - Upgrade,,,,,,,,
KEVIN LINCOLN,kevlinc@gmail.com,Local360,Local360 - Template Vault - Monthly (Special Promo) - OTO1,,,,,,,,
Jermelle Pruitt,jehpruitt@gmail.com,SmartVideo Evolution by VideoRemix,SmartVideo Evolution - Template Collective  - (Monthly),,,,,,,,
Bruce Chinn,bruce.chinn@icloud.com,VideoRemix - Connect,VideoRemix Connect - Yearly - Special,,,,,,,,
Rodney Brown,scstate88@yahoo.com,Local360,Local360 - Template Vault - Monthly (Special Promo) - OTO1,,,,,,,,
William Roberts,rinslr@earthlink.net,SmartVideo Evolution by VideoRemix,SmartVideo Evolution - Template Collective  - (Monthly),,,,,,,,
Gregg Watson,gregg@justglass.co.nz,Local360,Local360 - Template Vault - Monthly (Special Promo) - OTO1,,,,,,,,
Carl Allison,all_is_on_deals@hotmail.com,Smart AI Mentor,Smart AI Mentor Millionaire's Club - Two Pay,,,,,,,,
Rolf Zahnd,rolf.zahnd@bluemail.ch,Local360,Local360 - Template Vault - Monthly (Special Promo) - OTO1,,,,,,,,
Robert Hilton,clickprintmail@gmail.com,VideoRemix Link-ED,VideoRemix Link-ED (YEARLY),,,,,,,,
Larry Lawrence,larryll626@gmail.com,Local360,Local360 - Template Vault - Monthly (Special Promo) - OTO1,,,,,,,,
Larnell Bates,lbates2@cox.net,Conversion Kit,Smart Conversion Kit - Monthly,,,,,,,,
Simon Rosenberg,DrSimonRosenberg@gmail.com,Local360,Local360 - Template Vault - Monthly (Special Promo) - OTO1,,,,,,,,
Richard Kolesar,richard.kolesar@gmail.com,VideoRemix Reloaded,Agency Growth Accelerator - Yearly,,,,,,,,
Mark Krueger,thebiz4u@aol.com,SmartVideo Evolution by VideoRemix,SmartVideo Evolution - Template Collective  - (Monthly),,,,,,,,
J D CLEMENT,jd.clement@gmail.com,SmartVideo Evolution by VideoRemix,SmartVideo Evolution - Template Collective  - (Monthly),,,,,,,,
Darlene Rogers,rogersdarlene0@gmail.com,SmartVideo Evolution by VideoRemix,SmartVideo Evolution - Template Collective  - (Monthly),,,,,,,,
Edmy Salazar,edmy@cashbootcamp.com,SmartVideo Evolution by VideoRemix,SmartVideo Evolution - Template Collective  - (Monthly),,,,,,,,
Phildora Perez,telcommglobal@gmail.com,Smart AI Mentor,Smart AI Mentor Unlimited  - Upgrade,,,,,,,,
Charles Bailey,cb@broadreach.tv,Local360,Local360 - Template Vault - Monthly (Special Promo) - OTO1,,,,,,,,
SUNITA Pandit,sunita.s.pandit@gmail.com,Local360,Local360 - Template Vault - Monthly (Special Promo) - OTO1,,,,,,,,
Sunita Pandit,sunita.s.pandit@gmail.com,VideoRemix Link-ED,VideoRemix Link-ED (YEARLY),,,,,,,,
Jay Herrera,Drjayherrera@gmail.com,SmartVideo Features by VideoRemix,Video Remix Google Smart Maps - Annual,,,,,,,,
Darlene Rogers,rogersdarlene0@gmail.com,VideoRemix Insider Training,VideoRemix Insider Training - Monthly,,,,,,,,
Jeff Harrison,jjharrison1@yahoo.com,VideoRemix Link-ED,VideoRemix Link-ED (YEARLY),,,,,,,,
SaRita Custis,shartin@charter.net,VideoRemix Link-ED,VideoRemix Link-ED (YEARLY),,,,,,,,
Truman Cole,Trcole3@theritegroup.com,VideoRemix Link-ED,VideoRemix Link-ED (YEARLY),,,,,,,,
Sean Phillips,theglobalalliancegroup@gmail.com,Smart AI Mentor,Smart AI Mentor Unlimited  - Upgrade,,,,,,,,
Phildora Perez,telcommglobal@gmail.com,Conversion Kit,Smart Conversion Kit - Monthly,,,,,,,,
Jason Roberts,jgroberts2002@gmail.com,Conversion Kit,Smart Conversion Kit - Monthly,,,,,,,,
Rick Hanson,marketingresource@Gmail.com,SmartVideo - Private Promo,SmartVideo Upgrade 1 (OTO1) - Monthly,,,,,,,,
MJ Spencer,webace98@gmail.com,SmartVideo - Private Promo,SmartVideo Upgrade 1 (OTO1) - Monthly,,,,,,,,
David Sukert,dsukert@daytro.com,Conversion Kit,Smart Conversion Kit - Monthly,,,,,,,,
Erik Tans,eriktans@yahoo.com,Smart AI Mentor,Smart AI Mentor Millionaire's Club,,,,,,,,
Mathieu Janin,mathieu@janin.ch,SmartVideo Evolution,SmartVideo Evolution Beta Launch - Yearly,,,,,,,,
Marketing Chile Org SpA,ricardofernandezlenis@gmail.com,VideoRemix White Label,VideoRemix White Label - Basics - Monthly,,,,,,,,
Ted Grellner,tg005@aol.com,SmartVideo Evolution,SmartVideo Evolution Beta Launch - Yearly,,,,,,,,
Darko Slovsa,info@smile4all.net,SmartVideo Evolution,SmartVideo Evolution Beta Launch - Yearly,,,,,,,,
Hartmut Weidner,hartmut-weidner@mail.de,SmartVideo Evolution A.I. Access,SmartVideo Interactive Design Club - Monthly,,,,,,,,
Vincent Janssen,Wolkonmarketing@gmail.com,VideoRemix Reloaded,Agency Growth Accelerator - Yearly,,,,,,,,
Truman Cole,Trcole3@theritegroup.com,SmartVideo Evolution,SmartVideo Evolution Beta Launch - Yearly,,,,,,,,
Hartmut Weidner,hartmut-weidner@mail.de,SmartVideo Evolution A.I. Access,SmartVideo Interactive Design Club - Monthly,,,,,,,,
Brian Devine,brian@toplinemanagement.com,VideoRemix Link-ED,VideoRemix Link-ED (YEARLY),,,,,,,,
Milind Tamhane,m_tamhane@yahoo.com,Local360,Local360 - Template Vault - Monthly (Special Promo) - OTO1,,,,,,,,
Reginald Randolph,randolphrj@gmail.com,Local360,Local360 - Template Vault - Monthly (Special Promo) - OTO1,,,,,,,,
Darlene Rogers,rogersdarlene0@gmail.com,Local360,Local360 - Template Vault - Monthly (Special Promo) - OTO1,,,,,,,,
Vincent Janssen,Wolkonmarketing@gmail.com,VideoRemix Link-ED,VideoRemix Link-ED (YEARLY),,,,,,,,
Trenell LeShelle McClure,trenell.leshelle@gmail.com,Local360,Local360 - Template Vault - Monthly (Special Promo) - OTO1,,,,,,,,
Efren Vizcarra,info@expressgeneralstore.com,SmartVideo Evolution,SmartVideo Evolution Beta Launch - Monthly,,,,,,,,
Si Hearn,simon.exitus@gmail.com,VideoRemix Insider Training,VideoRemix Insider Training - Monthly,,,,,,,,
Ryan Waggelmans,wereinteractive@gmail.com,Smart AI Mentor,Smart AI Mentor Unlimited  - Upgrade,,,,,,,,
KEVIN LINCOLN,kevlinc@gmail.com,Local360,Local360 - Template Vault - Monthly (Special Promo) - OTO1,,,,,,,,
Jermelle Pruitt,jehpruitt@gmail.com,SmartVideo Evolution by VideoRemix,SmartVideo Evolution - Template Collective  - (Monthly),,,,,,,,
Bruce Chinn,bruce.chinn@icloud.com,VideoRemix - Connect,VideoRemix Connect - Yearly - Special,,,,,,,,
Rodney Brown,scstate88@yahoo.com,Local360,Local360 - Template Vault - Monthly (Special Promo) - OTO1,,,,,,,,
William Roberts,rinslr@earthlink.net,SmartVideo Evolution by VideoRemix,SmartVideo Evolution - Template Collective  - (Monthly),,,,,,,,
Gregg Watson,gregg@justglass.co.nz,Local360,Local360 - Template Vault - Monthly (Special Promo) - OTO1,,,,,,,,
Carl Allison,all_is_on_deals@hotmail.com,Smart AI Mentor,Smart AI Mentor Millionaire's Club - Two Pay,,,,,,,,
Rolf Zahnd,rolf.zahnd@bluemail.ch,Local360,Local360 - Template Vault - Monthly (Special Promo) - OTO1,,,,,,,,
Robert Hilton,clickprintmail@gmail.com,VideoRemix Link-ED,VideoRemix Link-ED (YEARLY),,,,,,,,
Larry Lawrence,larryll626@gmail.com,Local360,Local360 - Template Vault - Monthly (Special Promo) - OTO1,,,,,,,,
Larnell Bates,lbates2@cox.net,Conversion Kit,Smart Conversion Kit - Monthly,,,,,,,,
Simon Rosenberg,DrSimonRosenberg@gmail.com,Local360,Local360 - Template Vault - Monthly (Special Promo) - OTO1,,,,,,,,
Richard Kolesar,richard.kolesar@gmail.com,VideoRemix Reloaded,Agency Growth Accelerator - Yearly,,,,,,,,
Mark Krueger,thebiz4u@aol.com,SmartVideo Evolution by VideoRemix,SmartVideo Evolution - Template Collective  - (Monthly),,,,,,,,
J D CLEMENT,jd.clement@gmail.com,SmartVideo Evolution by VideoRemix,SmartVideo Evolution - Template Collective  - (Monthly),,,,,,,,
Darlene Rogers,rogersdarlene0@gmail.com,SmartVideo Evolution by VideoRemix,SmartVideo Evolution - Template Collective  - (Monthly),,,,,,,,
Edmy Salazar,edmy@cashbootcamp.com,SmartVideo Evolution by VideoRemix,SmartVideo Evolution - Template Collective  - (Monthly),,,,,,,,
Phildora Perez,telcommglobal@gmail.com,Smart AI Mentor,Smart AI Mentor Unlimited  - Upgrade,,,,,,,,
Charles Bailey,cb@broadreach.tv,Local360,Local360 - Template Vault - Monthly (Special Promo) - OTO1,,,,,,,,
SUNITA Pandit,sunita.s.pandit@gmail.com,Local360,Local360 - Template Vault - Monthly (Special Promo) - OTO1,,,,,,,,
Sunita Pandit,sunita.s.pandit@gmail.com,VideoRemix Link-ED,VideoRemix Link-ED (YEARLY),,,,,,,,
Jay Herrera,Drjayherrera@gmail.com,SmartVideo Features by VideoRemix,Video Remix Google Smart Maps - Annual,,,,,,,,
Darlene Rogers,rogersdarlene0@gmail.com,VideoRemix Insider Training,VideoRemix Insider Training - Monthly,,,,,,,,
Jeff Harrison,jjharrison1@yahoo.com,VideoRemix Link-ED,VideoRemix Link-ED (YEARLY),,,,,,,,
SaRita Custis,shartin@charter.net,VideoRemix Link-ED,VideoRemix Link-ED (YEARLY),,,,,,,,
Truman Cole,Trcole3@theritegroup.com,VideoRemix Link-ED,VideoRemix Link-ED (YEARLY),,,,,,,,
Sean Phillips,theglobalalliancegroup@gmail.com,Smart AI Mentor,Smart AI Mentor Unlimited  - Upgrade,,,,,,,,
Phildora Perez,telcommglobal@gmail.com,Conversion Kit,Smart Conversion Kit - Monthly,,,,,,,,
Jason Roberts,jgroberts2002@gmail.com,Conversion Kit,Smart Conversion Kit - Monthly,,,,,,,,
Rick Hanson,marketingresource@Gmail.com,SmartVideo - Private Promo,SmartVideo Upgrade 1 (OTO1) - Monthly,,,,,,,,
MJ Spencer,webace98@gmail.com,SmartVideo - Private Promo,SmartVideo Upgrade 1 (OTO1) - Monthly,,,,,,,,
David Sukert,dsukert@daytro.com,Conversion Kit,Smart Conversion Kit - Monthly,,,,,,,,
Erik Tans,eriktans@yahoo.com,Smart AI Mentor,Smart AI Mentor Millionaire's Club,,,,,,,,
Mathieu Janin,mathieu@janin.ch,SmartVideo Evolution,SmartVideo Evolution Beta Launch - Yearly,,,,,,,,
Marketing Chile Org SpA,ricardofernandezlenis@gmail.com,VideoRemix White Label,VideoRemix White Label - Basics - Monthly,,,,,,,,
Ted Grellner,tg005@aol.com,SmartVideo Evolution,SmartVideo Evolution Beta Launch - Yearly,,,,,,,,
Darko Slovsa,info@smile4all.net,SmartVideo Evolution,SmartVideo Evolution Beta Launch - Yearly,,,,,,,,
Hartmut Weidner,hartmut-weidner@mail.de,SmartVideo Evolution A.I. Access,SmartVideo Interactive Design Club - Monthly,,,,,,,,
Vincent Janssen,Wolkonmarketing@gmail.com,VideoRemix Reloaded,Agency Growth Accelerator - Yearly,,,,,,,,
Truman Cole,Trcole3@theritegroup.com,SmartVideo Evolution,SmartVideo Evolution Beta Launch - Yearly,,,,,,,,
Harvey McWhorter,harveydenv@gmail.com,SmartVideo Evolution A.I. Access,SmartVideo Interactive Design Club - Monthly,,,,,,,,
Hartmut Weidner,hartmut-weidner@mail.de,SmartVideo Evolution A.I. Access,SmartVideo Interactive Design Club - Monthly,,,,,,,,
Curtis Thomas,darkstyle@msn.com,SmartVideo  Interactive Design Club,Social Media Personalized Video Prospecting Bundle,,,,,,,,
Tom Bodner,ThomasPublications@gmail.com,SmartVideo  Interactive Design Club,Social Media Personalized Video Prospecting Bundle,,,,,,,,
Darlene Rogers,rogersdarlene0@gmail.com,SmartVideo Ultra - Homepage,SmartVideo Ultra - Monthly,,,,,,,,
Lloyd Heath,lloydvheath@gmail.com,SmartVideo Evolution A.I. Access,SmartVideo Interactive Design Club - Monthly,,,,,,,,
Brian Devine,brian@toplinemanagement.com,VideoRemix Link-ED,VideoRemix Link-ED (YEARLY),,,,,,,,
Karen Gussie,karrynusa@yahoo.com,VideoRemix Link-ED,VideoRemix Link-ED (YEARLY),,,,,,,,
Sara Barnett,SaraBarnett@gmail.com,SmartVideo Ultra - Homepage,SmartVideo Ultimate,,,,,,,,
Eduardo Gonzalez,EduardoGonzalez@gmail.com,SmartVideo Ultra - Homepage,SmartVideo Ultimate,,,,,,,,
Chloe Holt,ChloeHolt@gmail.com,SmartVideo Ultra - Homepage,SmartVideo Ultimate,,,,,,,,
Heidi Burke,HeidiBurke@gmail.com,SmartVideo Ultra - Homepage,SmartVideo Ultimate,,,,,,,,
Cecil Gonzalez,CecilGonzalez@gmail.com,SmartVideo Ultra - Homepage,SmartVideo Ultimate,,,,,,,,
Rosalyn Berry,RosalynBerry@gmail.com,SmartVideo Ultra - Homepage,SmartVideo Ultimate,,,,,,,,
Louis Knight,LouisKnight@gmail.com,SmartVideo Ultra - Homepage,SmartVideo Ultimate,,,,,,,,
Marvin Ward,MarvinWard@gmail.com,SmartVideo Ultra - Homepage,SmartVideo Ultimate,,,,,,,,
Cameron Nichols,CameronNichols@gmail.com,SmartVideo Ultra - Homepage,SmartVideo Ultimate,,,,,,,,
Samantha Barnes,SamanthaBarnes@gmail.com,SmartVideo Ultra - Homepage,SmartVideo Ultimate,,,,,,,,
Francisco Gray,FranciscoGray@gmail.com,SmartVideo Ultra - Homepage,SmartVideo Ultimate,,,,,,,,
Edward Barrett,EdwardBarrett@gmail.com,SmartVideo Ultra - Homepage,SmartVideo Ultimate,,,,,,,,
Tammy Davis,TammyDavis@gmail.com,SmartVideo Ultra - Homepage,SmartVideo Ultimate,,,,,,,,
Miguel Rice,MiguelRice@gmail.com,SmartVideo Ultra - Homepage,SmartVideo Ultimate,,,,,,,,
Kyle White,KyleWhite@gmail.com,SmartVideo Ultra - Homepage,SmartVideo Ultimate,,,,,,,,
Britney Taylor,BritneyTaylor@gmail.com,SmartVideo Ultra - Homepage,SmartVideo Ultimate,,,,,,,,
Suzanna Romero,SuzannaRomero@gmail.com,SmartVideo Ultra - Homepage,SmartVideo Ultimate,,,,,,,,
Sarah Graves,SarahGraves@gmail.com,SmartVideo Ultra - Homepage,SmartVideo Ultimate,,,,,,,,
Rose Stanley,RoseStanley@gmail.com,SmartVideo Ultra - Homepage,SmartVideo Ultimate,,,,,,,,
Diane Curtis,DianeCurtis@gmail.com,SmartVideo Ultra - Homepage,SmartVideo Ultimate,,,,,,,,
Paige Steward,PaigeSteward@gmail.com,SmartVideo Ultra - Homepage,SmartVideo Ultimate,,,,,,,,
Isabella Shelton,IsabellaShelton@gmail.com,SmartVideo Ultra - Homepage,SmartVideo Ultimate,,,,,,,,
Maria Thompson,MariaThompson@gmail.com,SmartVideo Ultra - Homepage,SmartVideo Ultimate,,,,,,,,
Julia Kuhn,JuliaKuhn@gmail.com,SmartVideo Ultra - Homepage,SmartVideo Ultimate,,,,,,,,
Susie Evans,SusieEvans@gmail.com,SmartVideo Ultra - Homepage,SmartVideo Ultimate,,,,,,,,
Tristan Rodriquez,TristanRodriquez@gmail.com,SmartVideo Ultra - Homepage,SmartVideo Ultimate,,,,,,,,
Lucy Foster,LucyFoster@gmail.com,SmartVideo Ultra - Homepage,SmartVideo Ultimate,,,,,,,,
Jared Powell,JaredPowell@gmail.com,SmartVideo Ultra - Homepage,SmartVideo Ultimate,,,,,,,,
Gabe Butler,GabeButler@gmail.com,SmartVideo Ultra - Homepage,SmartVideo Ultimate,,,,,,,,
Katherine Turner,KatherineTurner@gmail.com,SmartVideo Ultra - Homepage,SmartVideo Ultimate,,,,,,,,
Bradley Austin,BradleyAustin@gmail.com,SmartVideo Ultra - Homepage,SmartVideo Ultimate,,,,,,,,
Franklin Marshall,FranklinMarshall@gmail.com,SmartVideo Ultra - Homepage,SmartVideo Ultimate,,,,,,,,
Ed Barnett,EdBarnett@gmail.com,SmartVideo Ultra - Homepage,SmartVideo Ultimate,,,,,,,,
Alfredo Craig,AlfredoCraig@gmail.com,SmartVideo Ultra - Homepage,SmartVideo Ultimate,,,,,,,,
Gregory Johnson,GregoryJohnson@gmail.com,SmartVideo Ultra - Homepage,SmartVideo Ultimate,,,,,,,,
Megan Larson,MeganLarson@gmail.com,SmartVideo Ultra - Homepage,SmartVideo Ultimate,,,,,,,,
Marie Chambers,MarieChambers@gmail.com,SmartVideo Ultra - Homepage,SmartVideo Ultimate,,,,,,,,
Douglas Jennings,DouglasJennings@gmail.com,SmartVideo Ultra - Homepage,SmartVideo Ultimate,,,,,,,,
Vicki Tucker,VickiTucker@gmail.com,SmartVideo Ultra - Homepage,SmartVideo Ultimate,,,,,,,,
Tracy Wilson,TracyWilson@gmail.com,SmartVideo Ultra - Homepage,SmartVideo Ultimate,,,,,,,,
Suzanna Jennings,SuzannaJennings@gmail.com,SmartVideo Ultra - Homepage,SmartVideo Ultimate,,,,,,,,
Linda Simpson,LindaSimpson@gmail.com,SmartVideo Ultra - Homepage,SmartVideo Ultimate,,,,,,,,
Hartmut Weidner,hartmut-weidner@mail.de,SmartVideo Evolution A.I. Access,SmartVideo Interactive Design Club - Monthly,,,,,,,,
Brian Devine,brian@toplinemanagement.com,VideoRemix Link-ED,VideoRemix Link-ED (YEARLY),,,,,,,,
Milind Tamhane,m_tamhane@yahoo.com,Local360,Local360 - Template Vault - Monthly (Special Promo) - OTO1,,,,,,,,
Reginald Randolph,randolphrj@gmail.com,Local360,Local360 - Template Vault - Monthly (Special Promo) - OTO1,,,,,,,,
Darlene Rogers,rogersdarlene0@gmail.com,Local360,Local360 - Template Vault - Monthly (Special Promo) - OTO1,,,,,,,,
Vincent Janssen,Wolkonmarketing@gmail.com,VideoRemix Link-ED,VideoRemix Link-ED (YEARLY),,,,,,,,
Trenell LeShelle McClure,trenell.leshelle@gmail.com,Local360,Local360 - Template Vault - Monthly (Special Promo) - OTO1,,,,,,,,
Efren Vizcarra,info@expressgeneralstore.com,SmartVideo Evolution,SmartVideo Evolution Beta Launch - Monthly,,,,,,,,
Si Hearn,simon.exitus@gmail.com,VideoRemix Insider Training,VideoRemix Insider Training - Monthly,,,,,,,,
Ryan Waggelmans,wereinteractive@gmail.com,Smart AI Mentor,Smart AI Mentor Unlimited  - Upgrade,,,,,,,,
KEVIN LINCOLN,kevlinc@gmail.com,Local360,Local360 - Template Vault - Monthly (Special Promo) - OTO1,,,,,,,,
Jermelle Pruitt,jehpruitt@gmail.com,SmartVideo Evolution by VideoRemix,SmartVideo Evolution - Template Collective  - (Monthly),,,,,,,,
Bruce Chinn,bruce.chinn@icloud.com,VideoRemix - Connect,VideoRemix Connect - Yearly - Special,,,,,,,,
Rodney Brown,scstate88@yahoo.com,Local360,Local360 - Template Vault - Monthly (Special Promo) - OTO1,,,,,,,,
William Roberts,rinslr@earthlink.net,SmartVideo Evolution by VideoRemix,SmartVideo Evolution - Template Collective  - (Monthly),,,,,,,,
Gregg Watson,gregg@justglass.co.nz,Local360,Local360 - Template Vault - Monthly (Special Promo) - OTO1,,,,,,,,
Carl Allison,all_is_on_deals@hotmail.com,Smart AI Mentor,Smart AI Mentor Millionaire's Club - Two Pay,,,,,,,,
Rolf Zahnd,rolf.zahnd@bluemail.ch,Local360,Local360 - Template Vault - Monthly (Special Promo) - OTO1,,,,,,,,
Robert Hilton,clickprintmail@gmail.com,VideoRemix Link-ED,VideoRemix Link-ED (YEARLY),,,,,,,,
Larry Lawrence,larryll626@gmail.com,Local360,Local360 - Template Vault - Monthly (Special Promo) - OTO1,,,,,,,,
Larnell Bates,lbates2@cox.net,Conversion Kit,Smart Conversion Kit - Monthly,,,,,,,,
Simon Rosenberg,DrSimonRosenberg@gmail.com,Local360,Local360 - Template Vault - Monthly (Special Promo) - OTO1,,,,,,,,
Richard Kolesar,richard.kolesar@gmail.com,VideoRemix Reloaded,Agency Growth Accelerator - Yearly,,,,,,,,
Mark Krueger,thebiz4u@aol.com,SmartVideo Evolution by VideoRemix,SmartVideo Evolution - Template Collective  - (Monthly),,,,,,,,
J D CLEMENT,jd.clement@gmail.com,SmartVideo Evolution by VideoRemix,SmartVideo Evolution - Template Collective  - (Monthly),,,,,,,,
Darlene Rogers,rogersdarlene0@gmail.com,SmartVideo Evolution by VideoRemix,SmartVideo Evolution - Template Collective  - (Monthly),,,,,,,,
Edmy Salazar,edmy@cashbootcamp.com,SmartVideo Evolution by VideoRemix,SmartVideo Evolution - Template Collective  - (Monthly),,,,,,,,
Phildora Perez,telcommglobal@gmail.com,Smart AI Mentor,Smart AI Mentor Unlimited  - Upgrade,,,,,,,,
Charles Bailey,cb@broadreach.tv,Local360,Local360 - Template Vault - Monthly (Special Promo) - OTO1,,,,,,,,
SUNITA Pandit,sunita.s.pandit@gmail.com,Local360,Local360 - Template Vault - Monthly (Special Promo) - OTO1,,,,,,,,
Sunita Pandit,sunita.s.pandit@gmail.com,VideoRemix Link-ED,VideoRemix Link-ED (YEARLY),,,,,,,,
Jay Herrera,Drjayherrera@gmail.com,SmartVideo Features by VideoRemix,Video Remix Google Smart Maps - Annual,,,,,,,,
Darlene Rogers,rogersdarlene0@gmail.com,VideoRemix Insider Training,VideoRemix Insider Training - Monthly,,,,,,,,
Jeff Harrison,jjharrison1@yahoo.com,VideoRemix Link-ED,VideoRemix Link-ED (YEARLY),,,,,,,,
SaRita Custis,shartin@charter.net,VideoRemix Link-ED,VideoRemix Link-ED (YEARLY),,,,,,,,
Truman Cole,Trcole3@theritegroup.com,VideoRemix Link-ED,VideoRemix Link-ED (YEARLY),,,,,,,,
Sean Phillips,theglobalalliancegroup@gmail.com,Smart AI Mentor,Smart AI Mentor Unlimited  - Upgrade,,,,,,,,
Phildora Perez,telcommglobal@gmail.com,Conversion Kit,Smart Conversion Kit - Monthly,,,,,,,,
Jason Roberts,jgroberts2002@gmail.com,Conversion Kit,Smart Conversion Kit - Monthly,,,,,,,,
Rick Hanson,marketingresource@Gmail.com,SmartVideo - Private Promo,SmartVideo Upgrade 1 (OTO1) - Monthly,,,,,,,,
MJ Spencer,webace98@gmail.com,SmartVideo - Private Promo,SmartVideo Upgrade 1 (OTO1) - Monthly,,,,,,,,
David Sukert,dsukert@daytro.com,Conversion Kit,Smart Conversion Kit - Monthly,,,,,,,,
Erik Tans,eriktans@yahoo.com,Smart AI Mentor,Smart AI Mentor Millionaire's Club,,,,,,,,
Mathieu Janin,mathieu@janin.ch,SmartVideo Evolution,SmartVideo Evolution Beta Launch - Yearly,,,,,,,,
Marketing Chile Org SpA,ricardofernandezlenis@gmail.com,VideoRemix White Label,VideoRemix White Label - Basics - Monthly,,,,,,,,
Ted Grellner,tg005@aol.com,SmartVideo Evolution,SmartVideo Evolution Beta Launch - Yearly,,,,,,,,
Darko Slovsa,info@smile4all.net,SmartVideo Evolution,SmartVideo Evolution Beta Launch - Yearly,,,,,,,,
Hartmut Weidner,hartmut-weidner@mail.de,SmartVideo Evolution A.I. Access,SmartVideo Interactive Design Club - Monthly,,,,,,,,
Vincent Janssen,Wolkonmarketing@gmail.com,VideoRemix Reloaded,Agency Growth Accelerator - Yearly,,,,,,,,
Truman Cole,Trcole3@theritegroup.com,SmartVideo Evolution,SmartVideo Evolution Beta Launch - Yearly,,,,,,,,
Hartmut Weidner,hartmut-weidner@mail.de,SmartVideo Evolution A.I. Access,SmartVideo Interactive Design Club - Monthly,,,,,,,,
Brian Devine,brian@toplinemanagement.com,VideoRemix Link-ED,VideoRemix Link-ED (YEARLY),,,,,,,,
Milind Tamhane,m_tamhane@yahoo.com,Local360,Local360 - Template Vault - Monthly (Special Promo) - OTO1,,,,,,,,
Reginald Randolph,randolphrj@gmail.com,Local360,Local360 - Template Vault - Monthly (Special Promo) - OTO1,,,,,,,,
Darlene Rogers,rogersdarlene0@gmail.com,Local360,Local360 - Template Vault - Monthly (Special Promo) - OTO1,,,,,,,,
Vincent Janssen,Wolkonmarketing@gmail.com,VideoRemix Link-ED,VideoRemix Link-ED (YEARLY),,,,,,,,
Trenell LeShelle McClure,trenell.leshelle@gmail.com,Local360,Local360 - Template Vault - Monthly (Special Promo) - OTO1,,,,,,,,
Efren Vizcarra,info@expressgeneralstore.com,SmartVideo Evolution,SmartVideo Evolution Beta Launch - Monthly,,,,,,,,
Si Hearn,simon.exitus@gmail.com,VideoRemix Insider Training,VideoRemix Insider Training - Monthly,,,,,,,,
Ryan Waggelmans,wereinteractive@gmail.com,Smart AI Mentor,Smart AI Mentor Unlimited  - Upgrade,,,,,,,,
KEVIN LINCOLN,kevlinc@gmail.com,Local360,Local360 - Template Vault - Monthly (Special Promo) - OTO1,,,,,,,,
Jermelle Pruitt,jehpruitt@gmail.com,SmartVideo Evolution by VideoRemix,SmartVideo Evolution - Template Collective  - (Monthly),,,,,,,,
Bruce Chinn,bruce.chinn@icloud.com,VideoRemix - Connect,VideoRemix Connect - Yearly - Special,,,,,,,,
Rodney Brown,scstate88@yahoo.com,Local360,Local360 - Template Vault - Monthly (Special Promo) - OTO1,,,,,,,,
William Roberts,rinslr@earthlink.net,SmartVideo Evolution by VideoRemix,SmartVideo Evolution - Template Collective  - (Monthly),,,,,,,,
Gregg Watson,gregg@justglass.co.nz,Local360,Local360 - Template Vault - Monthly (Special Promo) - OTO1,,,,,,,,
Carl Allison,all_is_on_deals@hotmail.com,Smart AI Mentor,Smart AI Mentor Millionaire's Club - Two Pay,,,,,,,,
Rolf Zahnd,rolf.zahnd@bluemail.ch,Local360,Local360 - Template Vault - Monthly (Special Promo) - OTO1,,,,,,,,
Robert Hilton,clickprintmail@gmail.com,VideoRemix Link-ED,VideoRemix Link-ED (YEARLY),,,,,,,,
Larry Lawrence,larryll626@gmail.com,Local360,Local360 - Template Vault - Monthly (Special Promo) - OTO1,,,,,,,,
Larnell Bates,lbates2@cox.net,Conversion Kit,Smart Conversion Kit - Monthly,,,,,,,,
Simon Rosenberg,DrSimonRosenberg@gmail.com,Local360,Local360 - Template Vault - Monthly (Special Promo) - OTO1,,,,,,,,
Richard Kolesar,richard.kolesar@gmail.com,VideoRemix Reloaded,Agency Growth Accelerator - Yearly,,,,,,,,
Mark Krueger,thebiz4u@aol.com,SmartVideo Evolution by VideoRemix,SmartVideo Evolution - Template Collective  - (Monthly),,,,,,,,
J D CLEMENT,jd.clement@gmail.com,SmartVideo Evolution by VideoRemix,SmartVideo Evolution - Template Collective  - (Monthly),,,,,,,,
Darlene Rogers,rogersdarlene0@gmail.com,SmartVideo Evolution by VideoRemix,SmartVideo Evolution - Template Collective  - (Monthly),,,,,,,,
Edmy Salazar,edmy@cashbootcamp.com,SmartVideo Evolution by VideoRemix,SmartVideo Evolution - Template Collective  - (Monthly),,,,,,,,
Phildora Perez,telcommglobal@gmail.com,Smart AI Mentor,Smart AI Mentor Unlimited  - Upgrade,,,,,,,,
Charles Bailey,cb@broadreach.tv,Local360,Local360 - Template Vault - Monthly (Special Promo) - OTO1,,,,,,,,
SUNITA Pandit,sunita.s.pandit@gmail.com,Local360,Local360 - Template Vault - Monthly (Special Promo) - OTO1,,,,,,,,
Sunita Pandit,sunita.s.pandit@gmail.com,VideoRemix Link-ED,VideoRemix Link-ED (YEARLY),,,,,,,,
Jay Herrera,Drjayherrera@gmail.com,SmartVideo Features by VideoRemix,Video Remix Google Smart Maps - Annual,,,,,,,,
Darlene Rogers,rogersdarlene0@gmail.com,VideoRemix Insider Training,VideoRemix Insider Training - Monthly,,,,,,,,
Jeff Harrison,jjharrison1@yahoo.com,VideoRemix Link-ED,VideoRemix Link-ED (YEARLY),,,,,,,,
SaRita Custis,shartin@charter.net,VideoRemix Link-ED,VideoRemix Link-ED (YEARLY),,,,,,,,
Truman Cole,Trcole3@theritegroup.com,VideoRemix Link-ED,VideoRemix Link-ED (YEARLY),,,,,,,,
Sean Phillips,theglobalalliancegroup@gmail.com,Smart AI Mentor,Smart AI Mentor Unlimited  - Upgrade,,,,,,,,
Phildora Perez,telcommglobal@gmail.com,Conversion Kit,Smart Conversion Kit - Monthly,,,,,,,,
Jason Roberts,jgroberts2002@gmail.com,Conversion Kit,Smart Conversion Kit - Monthly,,,,,,,,
Rick Hanson,marketingresource@Gmail.com,SmartVideo - Private Promo,SmartVideo Upgrade 1 (OTO1) - Monthly,,,,,,,,
MJ Spencer,webace98@gmail.com,SmartVideo - Private Promo,SmartVideo Upgrade 1 (OTO1) - Monthly,,,,,,,,
David Sukert,dsukert@daytro.com,Conversion Kit,Smart Conversion Kit - Monthly,,,,,,,,
Erik Tans,eriktans@yahoo.com,Smart AI Mentor,Smart AI Mentor Millionaire's Club,,,,,,,,
Mathieu Janin,mathieu@janin.ch,SmartVideo Evolution,SmartVideo Evolution Beta Launch - Yearly,,,,,,,,
Marketing Chile Org SpA,ricardofernandezlenis@gmail.com,VideoRemix White Label,VideoRemix White Label - Basics - Monthly,,,,,,,,
Ted Grellner,tg005@aol.com,SmartVideo Evolution,SmartVideo Evolution Beta Launch - Yearly,,,,,,,,
Darko Slovsa,info@smile4all.net,SmartVideo Evolution,SmartVideo Evolution Beta Launch - Yearly,,,,,,,,
Hartmut Weidner,hartmut-weidner@mail.de,SmartVideo Evolution A.I. Access,SmartVideo Interactive Design Club - Monthly,,,,,,,,
Vincent Janssen,Wolkonmarketing@gmail.com,VideoRemix Reloaded,Agency Growth Accelerator - Yearly,,,,,,,,
Truman Cole,Trcole3@theritegroup.com,SmartVideo Evolution,SmartVideo Evolution Beta Launch - Yearly,,,,,,,,
Harvey McWhorter,harveydenv@gmail.com,SmartVideo Evolution A.I. Access,SmartVideo Interactive Design Club - Monthly,,,,,,,,
Hartmut Weidner,hartmut-weidner@mail.de,SmartVideo Evolution A.I. Access,SmartVideo Interactive Design Club - Monthly,,,,,,,,
Curtis Thomas,darkstyle@msn.com,SmartVideo  Interactive Design Club,Social Media Personalized Video Prospecting Bundle,,,,,,,,
Tom Bodner,ThomasPublications@gmail.com,SmartVideo  Interactive Design Club,Social Media Personalized Video Prospecting Bundle,,,,,,,,
Darlene Rogers,rogersdarlene0@gmail.com,SmartVideo Ultra - Homepage,SmartVideo Ultra - Monthly,,,,,,,,
Lloyd Heath,lloydvheath@gmail.com,SmartVideo Evolution A.I. Access,SmartVideo Interactive Design Club - Monthly,,,,,,,,
Brian Devine,brian@toplinemanagement.com,VideoRemix Link-ED,VideoRemix Link-ED (YEARLY),,,,,,,,
Karen Gussie,karrynusa@yahoo.com,VideoRemix Link-ED,VideoRemix Link-ED (YEARLY),,,,,,,,
Sara Barnett,SaraBarnett@gmail.com,SmartVideo Ultra - Homepage,SmartVideo Ultimate,,,,,,,,
Eduardo Gonzalez,EduardoGonzalez@gmail.com,SmartVideo Ultra - Homepage,SmartVideo Ultimate,,,,,,,,
Chloe Holt,ChloeHolt@gmail.com,SmartVideo Ultra - Homepage,SmartVideo Ultimate,,,,,,,,
Heidi Burke,HeidiBurke@gmail.com,SmartVideo Ultra - Homepage,SmartVideo Ultimate,,,,,,,,
Cecil Gonzalez,CecilGonzalez@gmail.com,SmartVideo Ultra - Homepage,SmartVideo Ultimate,,,,,,,,
Rosalyn Berry,RosalynBerry@gmail.com,SmartVideo Ultra - Homepage,SmartVideo Ultimate,,,,,,,,
Louis Knight,LouisKnight@gmail.com,SmartVideo Ultra - Homepage,SmartVideo Ultimate,,,,,,,,
Marvin Ward,MarvinWard@gmail.com,SmartVideo Ultra - Homepage,SmartVideo Ultimate,,,,,,,,
Cameron Nichols,CameronNichols@gmail.com,SmartVideo Ultra - Homepage,SmartVideo Ultimate,,,,,,,,
Samantha Barnes,SamanthaBarnes@gmail.com,SmartVideo Ultra - Homepage,SmartVideo Ultimate,,,,,,,,
Francisco Gray,FranciscoGray@gmail.com,SmartVideo Ultra - Homepage,SmartVideo Ultimate,,,,,,,,
Edward Barrett,EdwardBarrett@gmail.com,SmartVideo Ultra - Homepage,SmartVideo Ultimate,,,,,,,,
Tammy Davis,TammyDavis@gmail.com,SmartVideo Ultra - Homepage,SmartVideo Ultimate,,,,,,,,
Miguel Rice,MiguelRice@gmail.com,SmartVideo Ultra - Homepage,SmartVideo Ultimate,,,,,,,,
Kyle White,KyleWhite@gmail.com,SmartVideo Ultra - Homepage,SmartVideo Ultimate,,,,,,,,
Britney Taylor,BritneyTaylor@gmail.com,SmartVideo Ultra - Homepage,SmartVideo Ultimate,,,,,,,,
Suzanna Romero,SuzannaRomero@gmail.com,SmartVideo Ultra - Homepage,SmartVideo Ultimate,,,,,,,,
Sarah Graves,SarahGraves@gmail.com,SmartVideo Ultra - Homepage,SmartVideo Ultimate,,,,,,,,
Rose Stanley,RoseStanley@gmail.com,SmartVideo Ultra - Homepage,SmartVideo Ultimate,,,,,,,,
Diane Curtis,DianeCurtis@gmail.com,SmartVideo Ultra - Homepage,SmartVideo Ultimate,,,,,,,,
Paige Steward,PaigeSteward@gmail.com,SmartVideo Ultra - Homepage,SmartVideo Ultimate,,,,,,,,
Isabella Shelton,IsabellaShelton@gmail.com,SmartVideo Ultra - Homepage,SmartVideo Ultimate,,,,,,,,
Maria Thompson,MariaThompson@gmail.com,SmartVideo Ultra - Homepage,SmartVideo Ultimate,,,,,,,,
Julia Kuhn,JuliaKuhn@gmail.com,SmartVideo Ultra - Homepage,SmartVideo Ultimate,,,,,,,,
Susie Evans,SusieEvans@gmail.com,SmartVideo Ultra - Homepage,SmartVideo Ultimate,,,,,,,,
Tristan Rodriquez,TristanRodriquez@gmail.com,SmartVideo Ultra - Homepage,SmartVideo Ultimate,,,,,,,,
Lucy Foster,LucyFoster@gmail.com,SmartVideo Ultra - Homepage,SmartVideo Ultimate,,,,,,,,
Jared Powell,JaredPowell@gmail.com,SmartVideo Ultra - Homepage,SmartVideo Ultimate,,,,,,,,
Gabe Butler,GabeButler@gmail.com,SmartVideo Ultra - Homepage,SmartVideo Ultimate,,,,,,,,
Katherine Turner,KatherineTurner@gmail.com,SmartVideo Ultra - Homepage,SmartVideo Ultimate,,,,,,,,
Bradley Austin,BradleyAustin@gmail.com,SmartVideo Ultra - Homepage,SmartVideo Ultimate,,,,,,,,
Franklin Marshall,FranklinMarshall@gmail.com,SmartVideo Ultra - Homepage,SmartVideo Ultimate,,,,,,,,
Ed Barnett,EdBarnett@gmail.com,SmartVideo Ultra - Homepage,SmartVideo Ultimate,,,,,,,,
Alfredo Craig,AlfredoCraig@gmail.com,SmartVideo Ultra - Homepage,SmartVideo Ultimate,,,,,,,,
Gregory Johnson,GregoryJohnson@gmail.com,SmartVideo Ultra - Homepage,SmartVideo Ultimate,,,,,,,,
Megan Larson,MeganLarson@gmail.com,SmartVideo Ultra - Homepage,SmartVideo Ultimate,,,,,,,,
Marie Chambers,MarieChambers@gmail.com,SmartVideo Ultra - Homepage,SmartVideo Ultimate,,,,,,,,
Douglas Jennings,DouglasJennings@gmail.com,SmartVideo Ultra - Homepage,SmartVideo Ultimate,,,,,,,,
Vicki Tucker,VickiTucker@gmail.com,SmartVideo Ultra - Homepage,SmartVideo Ultimate,,,,,,,,
Tracy Wilson,TracyWilson@gmail.com,SmartVideo Ultra - Homepage,SmartVideo Ultimate,,,,,,,,
Suzanna Jennings,SuzannaJennings@gmail.com,SmartVideo Ultra - Homepage,SmartVideo Ultimate,,,,,,,,
Linda Simpson,LindaSimpson@gmail.com,SmartVideo Ultra - Homepage,SmartVideo Ultimate,,,,,,,,
Cheryl Hughes,bsddservices@gmail.com,Lead Generator,Attorney Lead Generator - Yearly,,,,,,,,
Darlene Rogers,rogersdarlene0@gmail.com,Local360,Local360 - Template Vault - Monthly (Special Promo) - OTO1,,,,,,,,
Larnell Bates,lbates2@cox.net,SmartVideo Features by VideoRemix,Video Remix Google Smart Maps - Annual,,,,,,,,
Marion Hundemer,marion.hundemer@gmail.com,Smart AI Designer - 1-Click Upsell,Smart AI Designer Package - Bundle Package,,,,,,,,
Richard Richard,rglover@webquill.com,Lead Generator,Attorney Lead Generator - Yearly,,,,,,,,
Jermelle Pruitt,jehpruitt@gmail.com,SmartVideo Evolution by VideoRemix,SmartVideo Evolution - Template Collective  - (Monthly),,,,,,,,
Bruce Chinn,bruce.chinn@icloud.com,VideoRemix - Connect,VideoRemix Connect - Yearly - Special,,,,,,,,
William Roberts,rinslr@earthlink.net,SmartVideo Evolution by VideoRemix,SmartVideo Evolution - Template Collective  - (Monthly),,,,,,,,
Rolf Zahnd,rolf.zahnd@bluemail.ch,Local360,Local360 - Template Vault - Monthly (Special Promo) - OTO1,,,,,,,,
Simon Rosenberg,DrSimonRosenberg@gmail.com,Local360,Local360 - Template Vault - Monthly (Special Promo) - OTO1,,,,,,,,
J D CLEMENT,jd.clement@gmail.com,SmartVideo Evolution by VideoRemix,SmartVideo Evolution - Template Collective  - (Monthly),,,,,,,,
SUNITA Pandit,sunita.s.pandit@gmail.com,Local360,Local360 - Template Vault - Monthly (Special Promo) - OTO1,,,,,,,,
Cathy Gilstrap,cgilstrap4@yahoo.com,SmartVideo - Private Promo,SmartVideo Main - Yearly,,,,,,,,
Mathieu Janin,mathieu@janin.ch,VideoRemix - Connect,VideoRemix Connect - Yearly - Special,,,,,,,,
Sunita Pandit,sunita.s.pandit@gmail.com,VideoRemix Reloaded,SV Accelerator in A Box - Yearly,,,,,,,,
Truman Cole,Trcole3@theritegroup.com,VideoRemix - Connect,VideoRemix Connect - Yearly - Special,,,,,,,,
Rolf Zahnd,rolf.zahnd@bluemail.ch,Smart AI Designer,Smart AI Designer Package - Bundle Package,,,,,,,,
Margaret Wynne,teamvisionclubs1@gmail.com,Smart AI Designer,Smart AI Designer Package - Bundle Package,,,,,,,,
Phildora Perez,telcommglobal@gmail.com,Conversion Kit,Smart Conversion Kit - Monthly,,,,,,,,
Samuel Ajayi,sajayi851@gmail.com,Smart AI Designer,Smart AI Designer Package - Bundle Package,,,,,,,,
Bhadmus Ola,bhadmustest500@yopmail.com,Smart AI Designer,Smart AI Designer Package - Bundle Package,,,,,,,,
Rick Hanson,marketingresource@Gmail.com,SmartVideo - Private Promo,SmartVideo Upgrade 1 (OTO1) - Monthly,,,,,,,,
Mel Cederbaum,work471@gmail.com,Smart AI Designer,Smart AI Designer Package - Bundle Package,,,,,,,,
Tom Bodner,ThomasPublications@gmail.com,Smart AI Designer,Smart AI Designer Package - Bundle Package,,,,,,,,
Jermelle PRUITT,jehpruitt@gmail.com,Smart AI Designer,Smart AI Designer Package - Bundle Package,,,,,,,,
Bhadmus Olaide,bhadmolab2@yopmail.com,Smart AI Designer,Smart AI Designer Package - Bundle Package,,,,,,,,
Bhadmus Olaide,bhadmusolaide@gmail.com,Smart AI Designer,Smart AI Designer Package - Bundle Package,,,,,,,,
Hartmut Weidner,hartmut-weidner@mail.de,SmartVideo Evolution A.I. Access,SmartVideo Interactive Design Club - Monthly,,,,,,,,
Truman Cole,Trcole3@theritegroup.com,VideoRemix Reloaded,Financial Accelerator - Yearly,,,,,,,,
Vincent Janssen,Wolkonmarketing@gmail.com,VideoRemix Reloaded,Financial Accelerator - Yearly,,,,,,,,
Darlene Rogers,rogersdarlene0@gmail.com,Local360,Local360 - Template Vault - Monthly (Special Promo) - OTO1,,,,,,,,
Jermelle Pruitt,jehpruitt@gmail.com,SmartVideo Evolution by VideoRemix,SmartVideo Evolution - Template Collective  - (Monthly),,,,,,,,
Bruce Chinn,bruce.chinn@icloud.com,VideoRemix - Connect,VideoRemix Connect - Yearly - Special,,,,,,,,
William Roberts,rinslr@earthlink.net,SmartVideo Evolution by VideoRemix,SmartVideo Evolution - Template Collective  - (Monthly),,,,,,,,
Rolf Zahnd,rolf.zahnd@bluemail.ch,Local360,Local360 - Template Vault - Monthly (Special Promo) - OTO1,,,,,,,,
Larry Lawrence,larryll626@gmail.com,Local360,Local360 - Template Vault - Monthly (Special Promo) - OTO1,,,,,,,,
Simon Rosenberg,DrSimonRosenberg@gmail.com,Local360,Local360 - Template Vault - Monthly (Special Promo) - OTO1,,,,,,,,
J D CLEMENT,jd.clement@gmail.com,SmartVideo Evolution by VideoRemix,SmartVideo Evolution - Template Collective  - (Monthly),,,,,,,,
SUNITA Pandit,sunita.s.pandit@gmail.com,Local360,Local360 - Template Vault - Monthly (Special Promo) - OTO1,,,,,,,,
Cheryl Hughes,bsddservices@gmail.com,Lead Generator,Lead Generator Agency - One Time Special,,,,,,,,
Alan Howard,alan.luckybuginc@gmail.com,GO AI Launch - PKS,GO-AI Bundle,,,,,,,,
Phildora Perez,telcommglobal@gmail.com,Conversion Kit,Smart Conversion Kit - Monthly,,,,,,,,
Jason Roberts,jgroberts2002@gmail.com,Conversion Kit,Smart Conversion Kit - Monthly,,,,,,,,
Rick Hanson,marketingresource@Gmail.com,SmartVideo - Private Promo,SmartVideo Upgrade 1 (OTO1) - Monthly,,,,,,,,
Alan Olaide,bhtest16@test.io,GO AI Launch - PKS,GO-AI Professional: GO-AI Main,,,,,,,,
Bhadmus Olaide,bhadmusolaide@gmail.com,GO AI Launch - PKS,GO-AI Design Club: GO-AI OTO1,,,,,,,,
Bhadmus Olaide,bhadmusolaide@gmail.com,GO AI Launch - PKS,GO-AI Professional: GO-AI Main,,,,,,,,
Ted Sillings,otherted@gmail.com,Smart Marketer Elite - Private Promo,Smart Marketer Elite - Private Promo Yearly,,,,,,,,
John Munns,jrmunns@cox.net,Smart Marketer Elite - Private Promo,Smart Marketer Elite - Private Promo Yearly,,,,,,,,
Tom Bodner,ThomasPublications@gmail.com,Smart Marketer Elite - Private Promo,Smart Marketer Elite - Private Promo Yearly,,,,,,,,
Harvey McWhorter,harveydenv@gmail.com,SmartVideo Evolution A.I. Access,SmartVideo Interactive Design Club - Monthly,,,,,,,,
Hartmut Weidner,hartmut-weidner@mail.de,SmartVideo Evolution A.I. Access,SmartVideo Interactive Design Club - Monthly,,,,,,,,
Curtis Thomas,darkstyle@msn.com,SmartVideo  Interactive Design Club,Social Media Personalized Video Prospecting Bundle,,,,,,,,
Tom Bodner,ThomasPublications@gmail.com,SmartVideo  Interactive Design Club,Social Media Personalized Video Prospecting Bundle,,,,,,,,
Darlene Rogers,rogersdarlene0@gmail.com,SmartVideo Ultra - Homepage,SmartVideo Ultra - Monthly,,,,,,,,
Lloyd Heath,lloydvheath@gmail.com,SmartVideo Evolution A.I. Access,SmartVideo Interactive Design Club - Monthly,,,,,,,,
Brian Devine,brian@toplinemanagement.com,VideoRemix Link-ED,VideoRemix Link-ED (YEARLY),,,,,,,,
Karen Gussie,karrynusa@yahoo.com,VideoRemix Link-ED,VideoRemix Link-ED (YEARLY),,,,,,,,
Sara Barnett,SaraBarnett@gmail.com,SmartVideo Ultra - Homepage,SmartVideo Ultimate,,,,,,,,
Eduardo Gonzalez,EduardoGonzalez@gmail.com,SmartVideo Ultra - Homepage,SmartVideo Ultimate,,,,,,,,
Chloe Holt,ChloeHolt@gmail.com,SmartVideo Ultra - Homepage,SmartVideo Ultimate,,,,,,,,
Heidi Burke,HeidiBurke@gmail.com,SmartVideo Ultra - Homepage,SmartVideo Ultimate,,,,,,,,
Cecil Gonzalez,CecilGonzalez@gmail.com,SmartVideo Ultra - Homepage,SmartVideo Ultimate,,,,,,,,
Rosalyn Berry,RosalynBerry@gmail.com,SmartVideo Ultra - Homepage,SmartVideo Ultimate,,,,,,,,
Louis Knight,LouisKnight@gmail.com,SmartVideo Ultra - Homepage,SmartVideo Ultimate,,,,,,,,
Marvin Ward,MarvinWard@gmail.com,SmartVideo Ultra - Homepage,SmartVideo Ultimate,,,,,,,,
Cameron Nichols,CameronNichols@gmail.com,SmartVideo Ultra - Homepage,SmartVideo Ultimate,,,,,,,,
Samantha Barnes,SamanthaBarnes@gmail.com,SmartVideo Ultra - Homepage,SmartVideo Ultimate,,,,,,,,
Francisco Gray,FranciscoGray@gmail.com,SmartVideo Ultra - Homepage,SmartVideo Ultimate,,,,,,,,
Edward Barrett,EdwardBarrett@gmail.com,SmartVideo Ultra - Homepage,SmartVideo Ultimate,,,,,,,,
Tammy Davis,TammyDavis@gmail.com,SmartVideo Ultra - Homepage,SmartVideo Ultimate,,,,,,,,
Miguel Rice,MiguelRice@gmail.com,SmartVideo Ultra - Homepage,SmartVideo Ultimate,,,,,,,,
Kyle White,KyleWhite@gmail.com,SmartVideo Ultra - Homepage,SmartVideo Ultimate,,,,,,,,
Britney Taylor,BritneyTaylor@gmail.com,SmartVideo Ultra - Homepage,SmartVideo Ultimate,,,,,,,,
Suzanna Romero,SuzannaRomero@gmail.com,SmartVideo Ultra - Homepage,SmartVideo Ultimate,,,,,,,,
Sarah Graves,SarahGraves@gmail.com,SmartVideo Ultra - Homepage,SmartVideo Ultimate,,,,,,,,
Rose Stanley,RoseStanley@gmail.com,SmartVideo Ultra - Homepage,SmartVideo Ultimate,,,,,,,,
Diane Curtis,DianeCurtis@gmail.com,SmartVideo Ultra - Homepage,SmartVideo Ultimate,,,,,,,,
Paige Steward,PaigeSteward@gmail.com,SmartVideo Ultra - Homepage,SmartVideo Ultimate,,,,,,,,
Isabella Shelton,IsabellaShelton@gmail.com,SmartVideo Ultra - Homepage,SmartVideo Ultimate,,,,,,,,
Maria Thompson,MariaThompson@gmail.com,SmartVideo Ultra - Homepage,SmartVideo Ultimate,,,,,,,,
Julia Kuhn,JuliaKuhn@gmail.com,SmartVideo Ultra - Homepage,SmartVideo Ultimate,,,,,,,,
Susie Evans,SusieEvans@gmail.com,SmartVideo Ultra - Homepage,SmartVideo Ultimate,,,,,,,,
Tristan Rodriquez,TristanRodriquez@gmail.com,SmartVideo Ultra - Homepage,SmartVideo Ultimate,,,,,,,,
Lucy Foster,LucyFoster@gmail.com,SmartVideo Ultra - Homepage,SmartVideo Ultimate,,,,,,,,
Jared Powell,JaredPowell@gmail.com,SmartVideo Ultra - Homepage,SmartVideo Ultimate,,,,,,,,
Gabe Butler,GabeButler@gmail.com,SmartVideo Ultra - Homepage,SmartVideo Ultimate,,,,,,,,
Katherine Turner,KatherineTurner@gmail.com,SmartVideo Ultra - Homepage,SmartVideo Ultimate,,,,,,,,
Bradley Austin,BradleyAustin@gmail.com,SmartVideo Ultra - Homepage,SmartVideo Ultimate,,,,,,,,
Franklin Marshall,FranklinMarshall@gmail.com,SmartVideo Ultra - Homepage,SmartVideo Ultimate,,,,,,,,
Ed Barnett,EdBarnett@gmail.com,SmartVideo Ultra - Homepage,SmartVideo Ultimate,,,,,,,,
Alfredo Craig,AlfredoCraig@gmail.com,SmartVideo Ultra - Homepage,SmartVideo Ultimate,,,,,,,,
Gregory Johnson,GregoryJohnson@gmail.com,SmartVideo Ultra - Homepage,SmartVideo Ultimate,,,,,,,,
Megan Larson,MeganLarson@gmail.com,SmartVideo Ultra - Homepage,SmartVideo Ultimate,,,,,,,,
Marie Chambers,MarieChambers@gmail.com,SmartVideo Ultra - Homepage,SmartVideo Ultimate,,,,,,,,
Douglas Jennings,DouglasJennings@gmail.com,SmartVideo Ultra - Homepage,SmartVideo Ultimate,,,,,,,,
Vicki Tucker,VickiTucker@gmail.com,SmartVideo Ultra - Homepage,SmartVideo Ultimate,,,,,,,,
Tracy Wilson,TracyWilson@gmail.com,SmartVideo Ultra - Homepage,SmartVideo Ultimate,,,,,,,,
Suzanna Jennings,SuzannaJennings@gmail.com,SmartVideo Ultra - Homepage,SmartVideo Ultimate,,,,,,,,
Linda Simpson,LindaSimpson@gmail.com,SmartVideo Ultra - Homepage,SmartVideo Ultimate,,,,,,,,
Cheryl Hughes,bsddservices@gmail.com,Lead Generator,Attorney Lead Generator - Yearly,,,,,,,,
Darlene Rogers,rogersdarlene0@gmail.com,Local360,Local360 - Template Vault - Monthly (Special Promo) - OTO1,,,,,,,,
Larnell Bates,lbates2@cox.net,SmartVideo Features by VideoRemix,Video Remix Google Smart Maps - Annual,,,,,,,,
Marion Hundemer,marion.hundemer@gmail.com,Smart AI Designer - 1-Click Upsell,Smart AI Designer Package - Bundle Package,,,,,,,,
Richard Richard,rglover@webquill.com,Lead Generator,Attorney Lead Generator - Yearly,,,,,,,,
Jermelle Pruitt,jehpruitt@gmail.com,SmartVideo Evolution by VideoRemix,SmartVideo Evolution - Template Collective  - (Monthly),,,,,,,,
Bruce Chinn,bruce.chinn@icloud.com,VideoRemix - Connect,VideoRemix Connect - Yearly - Special,,,,,,,,
William Roberts,rinslr@earthlink.net,SmartVideo Evolution by VideoRemix,SmartVideo Evolution - Template Collective  - (Monthly),,,,,,,,
Rolf Zahnd,rolf.zahnd@bluemail.ch,Local360,Local360 - Template Vault - Monthly (Special Promo) - OTO1,,,,,,,,
Simon Rosenberg,DrSimonRosenberg@gmail.com,Local360,Local360 - Template Vault - Monthly (Special Promo) - OTO1,,,,,,,,
J D CLEMENT,jd.clement@gmail.com,SmartVideo Evolution by VideoRemix,SmartVideo Evolution - Template Collective  - (Monthly),,,,,,,,
SUNITA Pandit,sunita.s.pandit@gmail.com,Local360,Local360 - Template Vault - Monthly (Special Promo) - OTO1,,,,,,,,
Cathy Gilstrap,cgilstrap4@yahoo.com,SmartVideo - Private Promo,SmartVideo Main - Yearly,,,,,,,,
Mathieu Janin,mathieu@janin.ch,VideoRemix - Connect,VideoRemix Connect - Yearly - Special,,,,,,,,
Sunita Pandit,sunita.s.pandit@gmail.com,VideoRemix Reloaded,SV Accelerator in A Box - Yearly,,,,,,,,
Truman Cole,Trcole3@theritegroup.com,VideoRemix - Connect,VideoRemix Connect - Yearly - Special,,,,,,,,
Rolf Zahnd,rolf.zahnd@bluemail.ch,Smart AI Designer,Smart AI Designer Package - Bundle Package,,,,,,,,
Margaret Wynne,teamvisionclubs1@gmail.com,Smart AI Designer,Smart AI Designer Package - Bundle Package,,,,,,,,
Phildora Perez,telcommglobal@gmail.com,Conversion Kit,Smart Conversion Kit - Monthly,,,,,,,,
Samuel Ajayi,sajayi851@gmail.com,Smart AI Designer,Smart AI Designer Package - Bundle Package,,,,,,,,
Bhadmus Ola,bhadmustest500@yopmail.com,Smart AI Designer,Smart AI Designer Package - Bundle Package,,,,,,,,
Rick Hanson,marketingresource@Gmail.com,SmartVideo - Private Promo,SmartVideo Upgrade 1 (OTO1) - Monthly,,,,,,,,
Mel Cederbaum,work471@gmail.com,Smart AI Designer,Smart AI Designer Package - Bundle Package,,,,,,,,
Tom Bodner,ThomasPublications@gmail.com,Smart AI Designer,Smart AI Designer Package - Bundle Package,,,,,,,,
Jermelle PRUITT,jehpruitt@gmail.com,Smart AI Designer,Smart AI Designer Package - Bundle Package,,,,,,,,
Bhadmus Olaide,bhadmolab2@yopmail.com,Smart AI Designer,Smart AI Designer Package - Bundle Package,,,,,,,,
Bhadmus Olaide,bhadmusolaide@gmail.com,Smart AI Designer,Smart AI Designer Package - Bundle Package,,,,,,,,
Hartmut Weidner,hartmut-weidner@mail.de,SmartVideo Evolution A.I. Access,SmartVideo Interactive Design Club - Monthly,,,,,,,,
Truman Cole,Trcole3@theritegroup.com,VideoRemix Reloaded,Financial Accelerator - Yearly,,,,,,,,
Vincent Janssen,Wolkonmarketing@gmail.com,VideoRemix Reloaded,Financial Accelerator - Yearly,,,,,,,,
Darlene Rogers,rogersdarlene0@gmail.com,Local360,Local360 - Template Vault - Monthly (Special Promo) - OTO1,,,,,,,,
Jermelle Pruitt,jehpruitt@gmail.com,SmartVideo Evolution by VideoRemix,SmartVideo Evolution - Template Collective  - (Monthly),,,,,,,,
Bruce Chinn,bruce.chinn@icloud.com,VideoRemix - Connect,VideoRemix Connect - Yearly - Special,,,,,,,,
William Roberts,rinslr@earthlink.net,SmartVideo Evolution by VideoRemix,SmartVideo Evolution - Template Collective  - (Monthly),,,,,,,,
Rolf Zahnd,rolf.zahnd@bluemail.ch,Local360,Local360 - Template Vault - Monthly (Special Promo) - OTO1,,,,,,,,
Larry Lawrence,larryll626@gmail.com,Local360,Local360 - Template Vault - Monthly (Special Promo) - OTO1,,,,,,,,
Simon Rosenberg,DrSimonRosenberg@gmail.com,Local360,Local360 - Template Vault - Monthly (Special Promo) - OTO1,,,,,,,,
J D CLEMENT,jd.clement@gmail.com,SmartVideo Evolution by VideoRemix,SmartVideo Evolution - Template Collective  - (Monthly),,,,,,,,
SUNITA Pandit,sunita.s.pandit@gmail.com,Local360,Local360 - Template Vault - Monthly (Special Promo) - OTO1,,,,,,,,
Cheryl Hughes,bsddservices@gmail.com,Lead Generator,Lead Generator Agency - One Time Special,,,,,,,,
Alan Howard,alan.luckybuginc@gmail.com,GO AI Launch - PKS,GO-AI Bundle,,,,,,,,
Phildora Perez,telcommglobal@gmail.com,Conversion Kit,Smart Conversion Kit - Monthly,,,,,,,,
Jason Roberts,jgroberts2002@gmail.com,Conversion Kit,Smart Conversion Kit - Monthly,,,,,,,,
Rick Hanson,marketingresource@Gmail.com,SmartVideo - Private Promo,SmartVideo Upgrade 1 (OTO1) - Monthly,,,,,,,,
Alan Olaide,bhtest16@test.io,GO AI Launch - PKS,GO-AI Professional: GO-AI Main,,,,,,,,
Bhadmus Olaide,bhadmusolaide@gmail.com,GO AI Launch - PKS,GO-AI Design Club: GO-AI OTO1,,,,,,,,
Bhadmus Olaide,bhadmusolaide@gmail.com,GO AI Launch - PKS,GO-AI Professional: GO-AI Main,,,,,,,,
Ted Sillings,otherted@gmail.com,Smart Marketer Elite - Private Promo,Smart Marketer Elite - Private Promo Yearly,,,,,,,,
John Munns,jrmunns@cox.net,Smart Marketer Elite - Private Promo,Smart Marketer Elite - Private Promo Yearly,,,,,,,,
Tom Bodner,ThomasPublications@gmail.com,Smart Marketer Elite - Private Promo,Smart Marketer Elite - Private Promo Yearly,,,,,,,,
Harvey McWhorter,harveydenv@gmail.com,SmartVideo Evolution A.I. Access,SmartVideo Interactive Design Club - Monthly,,,,,,,,
Hartmut Weidner,hartmut-weidner@mail.de,SmartVideo Evolution A.I. Access,SmartVideo Interactive Design Club - Monthly,,,,,,,,
Curtis Thomas,darkstyle@msn.com,SmartVideo  Interactive Design Club,Social Media Personalized Video Prospecting Bundle,,,,,,,,
Tom Bodner,ThomasPublications@gmail.com,SmartVideo  Interactive Design Club,Social Media Personalized Video Prospecting Bundle,,,,,,,,
Darlene Rogers,rogersdarlene0@gmail.com,SmartVideo Ultra - Homepage,SmartVideo Ultra - Monthly,,,,,,,,
Lloyd Heath,lloydvheath@gmail.com,SmartVideo Evolution A.I. Access,SmartVideo Interactive Design Club - Monthly,,,,,,,,
Brian Devine,brian@toplinemanagement.com,VideoRemix Link-ED,VideoRemix Link-ED (YEARLY),,,,,,,,
Karen Gussie,karrynusa@yahoo.com,VideoRemix Link-ED,VideoRemix Link-ED (YEARLY),,,,,,,,
Sara Barnett,SaraBarnett@gmail.com,SmartVideo Ultra - Homepage,SmartVideo Ultimate,,,,,,,,
Eduardo Gonzalez,EduardoGonzalez@gmail.com,SmartVideo Ultra - Homepage,SmartVideo Ultimate,,,,,,,,
Chloe Holt,ChloeHolt@gmail.com,SmartVideo Ultra - Homepage,SmartVideo Ultimate,,,,,,,,
Heidi Burke,HeidiBurke@gmail.com,SmartVideo Ultra - Homepage,SmartVideo Ultimate,,,,,,,,
Cecil Gonzalez,CecilGonzalez@gmail.com,SmartVideo Ultra - Homepage,SmartVideo Ultimate,,,,,,,,
Rosalyn Berry,RosalynBerry@gmail.com,SmartVideo Ultra - Homepage,SmartVideo Ultimate,,,,,,,,
Louis Knight,LouisKnight@gmail.com,SmartVideo Ultra - Homepage,SmartVideo Ultimate,,,,,,,,
Marvin Ward,MarvinWard@gmail.com,SmartVideo Ultra - Homepage,SmartVideo Ultimate,,,,,,,,
Cameron Nichols,CameronNichols@gmail.com,SmartVideo Ultra - Homepage,SmartVideo Ultimate,,,,,,,,
Samantha Barnes,SamanthaBarnes@gmail.com,SmartVideo Ultra - Homepage,SmartVideo Ultimate,,,,,,,,
Francisco Gray,FranciscoGray@gmail.com,SmartVideo Ultra - Homepage,SmartVideo Ultimate,,,,,,,,
Edward Barrett,EdwardBarrett@gmail.com,SmartVideo Ultra - Homepage,SmartVideo Ultimate,,,,,,,,
Tammy Davis,TammyDavis@gmail.com,SmartVideo Ultra - Homepage,SmartVideo Ultimate,,,,,,,,
Miguel Rice,MiguelRice@gmail.com,SmartVideo Ultra - Homepage,SmartVideo Ultimate,,,,,,,,
Kyle White,KyleWhite@gmail.com,SmartVideo Ultra - Homepage,SmartVideo Ultimate,,,,,,,,
Britney Taylor,BritneyTaylor@gmail.com,SmartVideo Ultra - Homepage,SmartVideo Ultimate,,,,,,,,
Suzanna Romero,SuzannaRomero@gmail.com,SmartVideo Ultra - Homepage,SmartVideo Ultimate,,,,,,,,
Sarah Graves,SarahGraves@gmail.com,SmartVideo Ultra - Homepage,SmartVideo Ultimate,,,,,,,,
Rose Stanley,RoseStanley@gmail.com,SmartVideo Ultra - Homepage,SmartVideo Ultimate,,,,,,,,
Diane Curtis,DianeCurtis@gmail.com,SmartVideo Ultra - Homepage,SmartVideo Ultimate,,,,,,,,
Paige Steward,PaigeSteward@gmail.com,SmartVideo Ultra - Homepage,SmartVideo Ultimate,,,,,,,,
Isabella Shelton,IsabellaShelton@gmail.com,SmartVideo Ultra - Homepage,SmartVideo Ultimate,,,,,,,,
Maria Thompson,MariaThompson@gmail.com,SmartVideo Ultra - Homepage,SmartVideo Ultimate,,,,,,,,
Julia Kuhn,JuliaKuhn@gmail.com,SmartVideo Ultra - Homepage,SmartVideo Ultimate,,,,,,,,
Susie Evans,SusieEvans@gmail.com,SmartVideo Ultra - Homepage,SmartVideo Ultimate,,,,,,,,
Tristan Rodriquez,TristanRodriquez@gmail.com,SmartVideo Ultra - Homepage,SmartVideo Ultimate,,,,,,,,
Lucy Foster,LucyFoster@gmail.com,SmartVideo Ultra - Homepage,SmartVideo Ultimate,,,,,,,,
Jared Powell,JaredPowell@gmail.com,SmartVideo Ultra - Homepage,SmartVideo Ultimate,,,,,,,,
Gabe Butler,GabeButler@gmail.com,SmartVideo Ultra - Homepage,SmartVideo Ultimate,,,,,,,,
Katherine Turner,KatherineTurner@gmail.com,SmartVideo Ultra - Homepage,SmartVideo Ultimate,,,,,,,,
Bradley Austin,BradleyAustin@gmail.com,SmartVideo Ultra - Homepage,SmartVideo Ultimate,,,,,,,,
Franklin Marshall,FranklinMarshall@gmail.com,SmartVideo Ultra - Homepage,SmartVideo Ultimate,,,,,,,,
Ed Barnett,EdBarnett@gmail.com,SmartVideo Ultra - Homepage,SmartVideo Ultimate,,,,,,,,
Alfredo Craig,AlfredoCraig@gmail.com,SmartVideo Ultra - Homepage,SmartVideo Ultimate,,,,,,,,
Gregory Johnson,GregoryJohnson@gmail.com,SmartVideo Ultra - Homepage,SmartVideo Ultimate,,,,,,,,
Megan Larson,MeganLarson@gmail.com,SmartVideo Ultra - Homepage,SmartVideo Ultimate,,,,,,,,
Marie Chambers,MarieChambers@gmail.com,SmartVideo Ultra - Homepage,SmartVideo Ultimate,,,,,,,,
Douglas Jennings,DouglasJennings@gmail.com,SmartVideo Ultra - Homepage,SmartVideo Ultimate,,,,,,,,
Vicki Tucker,VickiTucker@gmail.com,SmartVideo Ultra - Homepage,SmartVideo Ultimate,,,,,,,,
Tracy Wilson,TracyWilson@gmail.com,SmartVideo Ultra - Homepage,SmartVideo Ultimate,,,,,,,,
Suzanna Jennings,SuzannaJennings@gmail.com,SmartVideo Ultra - Homepage,SmartVideo Ultimate,,,,,,,,
Linda Simpson,LindaSimpson@gmail.com,SmartVideo Ultra - Homepage,SmartVideo Ultimate,,,,,,,,
Hartmut Weidner,hartmut-weidner@mail.de,SmartVideo Evolution A.I. Access,SmartVideo Interactive Design Club - Monthly,,,,,,,,
Brian Devine,brian@toplinemanagement.com,VideoRemix Link-ED,VideoRemix Link-ED (YEARLY),,,,,,,,
Milind Tamhane,m_tamhane@yahoo.com,Local360,Local360 - Template Vault - Monthly (Special Promo) - OTO1,,,,,,,,
Reginald Randolph,randolphrj@gmail.com,Local360,Local360 - Template Vault - Monthly (Special Promo) - OTO1,,,,,,,,
Darlene Rogers,rogersdarlene0@gmail.com,Local360,Local360 - Template Vault - Monthly (Special Promo) - OTO1,,,,,,,,
Vincent Janssen,Wolkonmarketing@gmail.com,VideoRemix Link-ED,VideoRemix Link-ED (YEARLY),,,,,,,,
Trenell LeShelle McClure,trenell.leshelle@gmail.com,Local360,Local360 - Template Vault - Monthly (Special Promo) - OTO1,,,,,,,,
Efren Vizcarra,info@expressgeneralstore.com,SmartVideo Evolution,SmartVideo Evolution Beta Launch - Monthly,,,,,,,,
Si Hearn,simon.exitus@gmail.com,VideoRemix Insider Training,VideoRemix Insider Training - Monthly,,,,,,,,
Ryan Waggelmans,wereinteractive@gmail.com,Smart AI Mentor,Smart AI Mentor Unlimited  - Upgrade,,,,,,,,
KEVIN LINCOLN,kevlinc@gmail.com,Local360,Local360 - Template Vault - Monthly (Special Promo) - OTO1,,,,,,,,
Jermelle Pruitt,jehpruitt@gmail.com,SmartVideo Evolution by VideoRemix,SmartVideo Evolution - Template Collective  - (Monthly),,,,,,,,
Bruce Chinn,bruce.chinn@icloud.com,VideoRemix - Connect,VideoRemix Connect - Yearly - Special,,,,,,,,
Rodney Brown,scstate88@yahoo.com,Local360,Local360 - Template Vault - Monthly (Special Promo) - OTO1,,,,,,,,
William Roberts,rinslr@earthlink.net,SmartVideo Evolution by VideoRemix,SmartVideo Evolution - Template Collective  - (Monthly),,,,,,,,
Gregg Watson,gregg@justglass.co.nz,Local360,Local360 - Template Vault - Monthly (Special Promo) - OTO1,,,,,,,,
Carl Allison,all_is_on_deals@hotmail.com,Smart AI Mentor,Smart AI Mentor Millionaire's Club - Two Pay,,,,,,,,
Rolf Zahnd,rolf.zahnd@bluemail.ch,Local360,Local360 - Template Vault - Monthly (Special Promo) - OTO1,,,,,,,,
Robert Hilton,clickprintmail@gmail.com,VideoRemix Link-ED,VideoRemix Link-ED (YEARLY),,,,,,,,
Larry Lawrence,larryll626@gmail.com,Local360,Local360 - Template Vault - Monthly (Special Promo) - OTO1,,,,,,,,
Larnell Bates,lbates2@cox.net,Conversion Kit,Smart Conversion Kit - Monthly,,,,,,,,
Simon Rosenberg,DrSimonRosenberg@gmail.com,Local360,Local360 - Template Vault - Monthly (Special Promo) - OTO1,,,,,,,,
Richard Kolesar,richard.kolesar@gmail.com,VideoRemix Reloaded,Agency Growth Accelerator - Yearly,,,,,,,,
Mark Krueger,thebiz4u@aol.com,SmartVideo Evolution by VideoRemix,SmartVideo Evolution - Template Collective  - (Monthly),,,,,,,,
J D CLEMENT,jd.clement@gmail.com,SmartVideo Evolution by VideoRemix,SmartVideo Evolution - Template Collective  - (Monthly),,,,,,,,
Darlene Rogers,rogersdarlene0@gmail.com,SmartVideo Evolution by VideoRemix,SmartVideo Evolution - Template Collective  - (Monthly),,,,,,,,
Edmy Salazar,edmy@cashbootcamp.com,SmartVideo Evolution by VideoRemix,SmartVideo Evolution - Template Collective  - (Monthly),,,,,,,,
Phildora Perez,telcommglobal@gmail.com,Smart AI Mentor,Smart AI Mentor Unlimited  - Upgrade,,,,,,,,
Charles Bailey,cb@broadreach.tv,Local360,Local360 - Template Vault - Monthly (Special Promo) - OTO1,,,,,,,,
SUNITA Pandit,sunita.s.pandit@gmail.com,Local360,Local360 - Template Vault - Monthly (Special Promo) - OTO1,,,,,,,,
Sunita Pandit,sunita.s.pandit@gmail.com,VideoRemix Link-ED,VideoRemix Link-ED (YEARLY),,,,,,,,
Jay Herrera,Drjayherrera@gmail.com,SmartVideo Features by VideoRemix,Video Remix Google Smart Maps - Annual,,,,,,,,
Darlene Rogers,rogersdarlene0@gmail.com,VideoRemix Insider Training,VideoRemix Insider Training - Monthly,,,,,,,,
Jeff Harrison,jjharrison1@yahoo.com,VideoRemix Link-ED,VideoRemix Link-ED (YEARLY),,,,,,,,
SaRita Custis,shartin@charter.net,VideoRemix Link-ED,VideoRemix Link-ED (YEARLY),,,,,,,,
Truman Cole,Trcole3@theritegroup.com,VideoRemix Link-ED,VideoRemix Link-ED (YEARLY),,,,,,,,
Sean Phillips,theglobalalliancegroup@gmail.com,Smart AI Mentor,Smart AI Mentor Unlimited  - Upgrade,,,,,,,,
Phildora Perez,telcommglobal@gmail.com,Conversion Kit,Smart Conversion Kit - Monthly,,,,,,,,
Jason Roberts,jgroberts2002@gmail.com,Conversion Kit,Smart Conversion Kit - Monthly,,,,,,,,
Rick Hanson,marketingresource@Gmail.com,SmartVideo - Private Promo,SmartVideo Upgrade 1 (OTO1) - Monthly,,,,,,,,
MJ Spencer,webace98@gmail.com,SmartVideo - Private Promo,SmartVideo Upgrade 1 (OTO1) - Monthly,,,,,,,,
David Sukert,dsukert@daytro.com,Conversion Kit,Smart Conversion Kit - Monthly,,,,,,,,
Erik Tans,eriktans@yahoo.com,Smart AI Mentor,Smart AI Mentor Millionaire's Club,,,,,,,,
Mathieu Janin,mathieu@janin.ch,SmartVideo Evolution,SmartVideo Evolution Beta Launch - Yearly,,,,,,,,
Marketing Chile Org SpA,ricardofernandezlenis@gmail.com,VideoRemix White Label,VideoRemix White Label - Basics - Monthly,,,,,,,,
Ted Grellner,tg005@aol.com,SmartVideo Evolution,SmartVideo Evolution Beta Launch - Yearly,,,,,,,,
Darko Slovsa,info@smile4all.net,SmartVideo Evolution,SmartVideo Evolution Beta Launch - Yearly,,,,,,,,
Hartmut Weidner,hartmut-weidner@mail.de,SmartVideo Evolution A.I. Access,SmartVideo Interactive Design Club - Monthly,,,,,,,,
Vincent Janssen,Wolkonmarketing@gmail.com,VideoRemix Reloaded,Agency Growth Accelerator - Yearly,,,,,,,,
Truman Cole,Trcole3@theritegroup.com,SmartVideo Evolution,SmartVideo Evolution Beta Launch - Yearly,,,,,,,,
Hartmut Weidner,hartmut-weidner@mail.de,SmartVideo Evolution A.I. Access,SmartVideo Interactive Design Club - Monthly,,,,,,,,
Brian Devine,brian@toplinemanagement.com,VideoRemix Link-ED,VideoRemix Link-ED (YEARLY),,,,,,,,
Milind Tamhane,m_tamhane@yahoo.com,Local360,Local360 - Template Vault - Monthly (Special Promo) - OTO1,,,,,,,,
Reginald Randolph,randolphrj@gmail.com,Local360,Local360 - Template Vault - Monthly (Special Promo) - OTO1,,,,,,,,
Darlene Rogers,rogersdarlene0@gmail.com,Local360,Local360 - Template Vault - Monthly (Special Promo) - OTO1,,,,,,,,
Vincent Janssen,Wolkonmarketing@gmail.com,VideoRemix Link-ED,VideoRemix Link-ED (YEARLY),,,,,,,,
Trenell LeShelle McClure,trenell.leshelle@gmail.com,Local360,Local360 - Template Vault - Monthly (Special Promo) - OTO1,,,,,,,,
Efren Vizcarra,info@expressgeneralstore.com,SmartVideo Evolution,SmartVideo Evolution Beta Launch - Monthly,,,,,,,,
Si Hearn,simon.exitus@gmail.com,VideoRemix Insider Training,VideoRemix Insider Training - Monthly,,,,,,,,
Ryan Waggelmans,wereinteractive@gmail.com,Smart AI Mentor,Smart AI Mentor Unlimited  - Upgrade,,,,,,,,
KEVIN LINCOLN,kevlinc@gmail.com,Local360,Local360 - Template Vault - Monthly (Special Promo) - OTO1,,,,,,,,
Jermelle Pruitt,jehpruitt@gmail.com,SmartVideo Evolution by VideoRemix,SmartVideo Evolution - Template Collective  - (Monthly),,,,,,,,
Bruce Chinn,bruce.chinn@icloud.com,VideoRemix - Connect,VideoRemix Connect - Yearly - Special,,,,,,,,
Rodney Brown,scstate88@yahoo.com,Local360,Local360 - Template Vault - Monthly (Special Promo) - OTO1,,,,,,,,
William Roberts,rinslr@earthlink.net,SmartVideo Evolution by VideoRemix,SmartVideo Evolution - Template Collective  - (Monthly),,,,,,,,
Gregg Watson,gregg@justglass.co.nz,Local360,Local360 - Template Vault - Monthly (Special Promo) - OTO1,,,,,,,,
Carl Allison,all_is_on_deals@hotmail.com,Smart AI Mentor,Smart AI Mentor Millionaire's Club - Two Pay,,,,,,,,
Rolf Zahnd,rolf.zahnd@bluemail.ch,Local360,Local360 - Template Vault - Monthly (Special Promo) - OTO1,,,,,,,,
Robert Hilton,clickprintmail@gmail.com,VideoRemix Link-ED,VideoRemix Link-ED (YEARLY),,,,,,,,
Larry Lawrence,larryll626@gmail.com,Local360,Local360 - Template Vault - Monthly (Special Promo) - OTO1,,,,,,,,
Larnell Bates,lbates2@cox.net,Conversion Kit,Smart Conversion Kit - Monthly,,,,,,,,
Simon Rosenberg,DrSimonRosenberg@gmail.com,Local360,Local360 - Template Vault - Monthly (Special Promo) - OTO1,,,,,,,,
Richard Kolesar,richard.kolesar@gmail.com,VideoRemix Reloaded,Agency Growth Accelerator - Yearly,,,,,,,,
Mark Krueger,thebiz4u@aol.com,SmartVideo Evolution by VideoRemix,SmartVideo Evolution - Template Collective  - (Monthly),,,,,,,,
J D CLEMENT,jd.clement@gmail.com,SmartVideo Evolution by VideoRemix,SmartVideo Evolution - Template Collective  - (Monthly),,,,,,,,
Darlene Rogers,rogersdarlene0@gmail.com,SmartVideo Evolution by VideoRemix,SmartVideo Evolution - Template Collective  - (Monthly),,,,,,,,
Edmy Salazar,edmy@cashbootcamp.com,SmartVideo Evolution by VideoRemix,SmartVideo Evolution - Template Collective  - (Monthly),,,,,,,,
Phildora Perez,telcommglobal@gmail.com,Smart AI Mentor,Smart AI Mentor Unlimited  - Upgrade,,,,,,,,
Charles Bailey,cb@broadreach.tv,Local360,Local360 - Template Vault - Monthly (Special Promo) - OTO1,,,,,,,,
SUNITA Pandit,sunita.s.pandit@gmail.com,Local360,Local360 - Template Vault - Monthly (Special Promo) - OTO1,,,,,,,,
Sunita Pandit,sunita.s.pandit@gmail.com,VideoRemix Link-ED,VideoRemix Link-ED (YEARLY),,,,,,,,
Jay Herrera,Drjayherrera@gmail.com,SmartVideo Features by VideoRemix,Video Remix Google Smart Maps - Annual,,,,,,,,
Darlene Rogers,rogersdarlene0@gmail.com,VideoRemix Insider Training,VideoRemix Insider Training - Monthly,,,,,,,,
Jeff Harrison,jjharrison1@yahoo.com,VideoRemix Link-ED,VideoRemix Link-ED (YEARLY),,,,,,,,
SaRita Custis,shartin@charter.net,VideoRemix Link-ED,VideoRemix Link-ED (YEARLY),,,,,,,,
Truman Cole,Trcole3@theritegroup.com,VideoRemix Link-ED,VideoRemix Link-ED (YEARLY),,,,,,,,
Sean Phillips,theglobalalliancegroup@gmail.com,Smart AI Mentor,Smart AI Mentor Unlimited  - Upgrade,,,,,,,,
Phildora Perez,telcommglobal@gmail.com,Conversion Kit,Smart Conversion Kit - Monthly,,,,,,,,
Jason Roberts,jgroberts2002@gmail.com,Conversion Kit,Smart Conversion Kit - Monthly,,,,,,,,
Rick Hanson,marketingresource@Gmail.com,SmartVideo - Private Promo,SmartVideo Upgrade 1 (OTO1) - Monthly,,,,,,,,
MJ Spencer,webace98@gmail.com,SmartVideo - Private Promo,SmartVideo Upgrade 1 (OTO1) - Monthly,,,,,,,,
David Sukert,dsukert@daytro.com,Conversion Kit,Smart Conversion Kit - Monthly,,,,,,,,
Erik Tans,eriktans@yahoo.com,Smart AI Mentor,Smart AI Mentor Millionaire's Club,,,,,,,,
Mathieu Janin,mathieu@janin.ch,SmartVideo Evolution,SmartVideo Evolution Beta Launch - Yearly,,,,,,,,
Marketing Chile Org SpA,ricardofernandezlenis@gmail.com,VideoRemix White Label,VideoRemix White Label - Basics - Monthly,,,,,,,,
Ted Grellner,tg005@aol.com,SmartVideo Evolution,SmartVideo Evolution Beta Launch - Yearly,,,,,,,,
Darko Slovsa,info@smile4all.net,SmartVideo Evolution,SmartVideo Evolution Beta Launch - Yearly,,,,,,,,
Hartmut Weidner,hartmut-weidner@mail.de,SmartVideo Evolution A.I. Access,SmartVideo Interactive Design Club - Monthly,,,,,,,,
Vincent Janssen,Wolkonmarketing@gmail.com,VideoRemix Reloaded,Agency Growth Accelerator - Yearly,,,,,,,,
Truman Cole,Trcole3@theritegroup.com,SmartVideo Evolution,SmartVideo Evolution Beta Launch - Yearly,,,,,,,,
Harvey McWhorter,harveydenv@gmail.com,SmartVideo Evolution A.I. Access,SmartVideo Interactive Design Club - Monthly,,,,,,,,
Hartmut Weidner,hartmut-weidner@mail.de,SmartVideo Evolution A.I. Access,SmartVideo Interactive Design Club - Monthly,,,,,,,,
Curtis Thomas,darkstyle@msn.com,SmartVideo  Interactive Design Club,Social Media Personalized Video Prospecting Bundle,,,,,,,,
Tom Bodner,ThomasPublications@gmail.com,SmartVideo  Interactive Design Club,Social Media Personalized Video Prospecting Bundle,,,,,,,,
Darlene Rogers,rogersdarlene0@gmail.com,SmartVideo Ultra - Homepage,SmartVideo Ultra - Monthly,,,,,,,,
Lloyd Heath,lloydvheath@gmail.com,SmartVideo Evolution A.I. Access,SmartVideo Interactive Design Club - Monthly,,,,,,,,
Brian Devine,brian@toplinemanagement.com,VideoRemix Link-ED,VideoRemix Link-ED (YEARLY),,,,,,,,
Karen Gussie,karrynusa@yahoo.com,VideoRemix Link-ED,VideoRemix Link-ED (YEARLY),,,,,,,,
Sara Barnett,SaraBarnett@gmail.com,SmartVideo Ultra - Homepage,SmartVideo Ultimate,,,,,,,,
Eduardo Gonzalez,EduardoGonzalez@gmail.com,SmartVideo Ultra - Homepage,SmartVideo Ultimate,,,,,,,,
Chloe Holt,ChloeHolt@gmail.com,SmartVideo Ultra - Homepage,SmartVideo Ultimate,,,,,,,,
Heidi Burke,HeidiBurke@gmail.com,SmartVideo Ultra - Homepage,SmartVideo Ultimate,,,,,,,,
Cecil Gonzalez,CecilGonzalez@gmail.com,SmartVideo Ultra - Homepage,SmartVideo Ultimate,,,,,,,,
Rosalyn Berry,RosalynBerry@gmail.com,SmartVideo Ultra - Homepage,SmartVideo Ultimate,,,,,,,,
Louis Knight,LouisKnight@gmail.com,SmartVideo Ultra - Homepage,SmartVideo Ultimate,,,,,,,,
Marvin Ward,MarvinWard@gmail.com,SmartVideo Ultra - Homepage,SmartVideo Ultimate,,,,,,,,
Cameron Nichols,CameronNichols@gmail.com,SmartVideo Ultra - Homepage,SmartVideo Ultimate,,,,,,,,
Samantha Barnes,SamanthaBarnes@gmail.com,SmartVideo Ultra - Homepage,SmartVideo Ultimate,,,,,,,,
Francisco Gray,FranciscoGray@gmail.com,SmartVideo Ultra - Homepage,SmartVideo Ultimate,,,,,,,,
Edward Barrett,EdwardBarrett@gmail.com,SmartVideo Ultra - Homepage,SmartVideo Ultimate,,,,,,,,
Tammy Davis,TammyDavis@gmail.com,SmartVideo Ultra - Homepage,SmartVideo Ultimate,,,,,,,,
Miguel Rice,MiguelRice@gmail.com,SmartVideo Ultra - Homepage,SmartVideo Ultimate,,,,,,,,
Kyle White,KyleWhite@gmail.com,SmartVideo Ultra - Homepage,SmartVideo Ultimate,,,,,,,,
Britney Taylor,BritneyTaylor@gmail.com,SmartVideo Ultra - Homepage,SmartVideo Ultimate,,,,,,,,
Suzanna Romero,SuzannaRomero@gmail.com,SmartVideo Ultra - Homepage,SmartVideo Ultimate,,,,,,,,
Sarah Graves,SarahGraves@gmail.com,SmartVideo Ultra - Homepage,SmartVideo Ultimate,,,,,,,,
Rose Stanley,RoseStanley@gmail.com,SmartVideo Ultra - Homepage,SmartVideo Ultimate,,,,,,,,
Diane Curtis,DianeCurtis@gmail.com,SmartVideo Ultra - Homepage,SmartVideo Ultimate,,,,,,,,
Paige Steward,PaigeSteward@gmail.com,SmartVideo Ultra - Homepage,SmartVideo Ultimate,,,,,,,,
Isabella Shelton,IsabellaShelton@gmail.com,SmartVideo Ultra - Homepage,SmartVideo Ultimate,,,,,,,,
Maria Thompson,MariaThompson@gmail.com,SmartVideo Ultra - Homepage,SmartVideo Ultimate,,,,,,,,
Julia Kuhn,JuliaKuhn@gmail.com,SmartVideo Ultra - Homepage,SmartVideo Ultimate,,,,,,,,
Susie Evans,SusieEvans@gmail.com,SmartVideo Ultra - Homepage,SmartVideo Ultimate,,,,,,,,
Tristan Rodriquez,TristanRodriquez@gmail.com,SmartVideo Ultra - Homepage,SmartVideo Ultimate,,,,,,,,
Lucy Foster,LucyFoster@gmail.com,SmartVideo Ultra - Homepage,SmartVideo Ultimate,,,,,,,,
Jared Powell,JaredPowell@gmail.com,SmartVideo Ultra - Homepage,SmartVideo Ultimate,,,,,,,,
Gabe Butler,GabeButler@gmail.com,SmartVideo Ultra - Homepage,SmartVideo Ultimate,,,,,,,,
Katherine Turner,KatherineTurner@gmail.com,SmartVideo Ultra - Homepage,SmartVideo Ultimate,,,,,,,,
Bradley Austin,BradleyAustin@gmail.com,SmartVideo Ultra - Homepage,SmartVideo Ultimate,,,,,,,,
Franklin Marshall,FranklinMarshall@gmail.com,SmartVideo Ultra - Homepage,SmartVideo Ultimate,,,,,,,,
Ed Barnett,EdBarnett@gmail.com,SmartVideo Ultra - Homepage,SmartVideo Ultimate,,,,,,,,
Alfredo Craig,AlfredoCraig@gmail.com,SmartVideo Ultra - Homepage,SmartVideo Ultimate,,,,,,,,
Gregory Johnson,GregoryJohnson@gmail.com,SmartVideo Ultra - Homepage,SmartVideo Ultimate,,,,,,,,
Megan Larson,MeganLarson@gmail.com,SmartVideo Ultra - Homepage,SmartVideo Ultimate,,,,,,,,
Marie Chambers,MarieChambers@gmail.com,SmartVideo Ultra - Homepage,SmartVideo Ultimate,,,,,,,,
Douglas Jennings,DouglasJennings@gmail.com,SmartVideo Ultra - Homepage,SmartVideo Ultimate,,,,,,,,
Vicki Tucker,VickiTucker@gmail.com,SmartVideo Ultra - Homepage,SmartVideo Ultimate,,,,,,,,
Tracy Wilson,TracyWilson@gmail.com,SmartVideo Ultra - Homepage,SmartVideo Ultimate,,,,,,,,
Suzanna Jennings,SuzannaJennings@gmail.com,SmartVideo Ultra - Homepage,SmartVideo Ultimate,,,,,,,,
Linda Simpson,LindaSimpson@gmail.com,SmartVideo Ultra - Homepage,SmartVideo Ultimate,,,,,,,,
Harvey McWhorter,harveydenv@gmail.com,SmartVideo Evolution A.I. Access,SmartVideo Interactive Design Club - Monthly,,,,,,,,
Hartmut Weidner,hartmut-weidner@mail.de,SmartVideo Evolution A.I. Access,SmartVideo Interactive Design Club - Monthly,,,,,,,,
Curtis Thomas,darkstyle@msn.com,SmartVideo  Interactive Design Club,Social Media Personalized Video Prospecting Bundle,,,,,,,,
Tom Bodner,ThomasPublications@gmail.com,SmartVideo  Interactive Design Club,Social Media Personalized Video Prospecting Bundle,,,,,,,,
Darlene Rogers,rogersdarlene0@gmail.com,SmartVideo Ultra - Homepage,SmartVideo Ultra - Monthly,,,,,,,,
Lloyd Heath,lloydvheath@gmail.com,SmartVideo Evolution A.I. Access,SmartVideo Interactive Design Club - Monthly,,,,,,,,
Brian Devine,brian@toplinemanagement.com,VideoRemix Link-ED,VideoRemix Link-ED (YEARLY),,,,,,,,
Karen Gussie,karrynusa@yahoo.com,VideoRemix Link-ED,VideoRemix Link-ED (YEARLY),,,,,,,,
Sara Barnett,SaraBarnett@gmail.com,SmartVideo Ultra - Homepage,SmartVideo Ultimate,,,,,,,,
Eduardo Gonzalez,EduardoGonzalez@gmail.com,SmartVideo Ultra - Homepage,SmartVideo Ultimate,,,,,,,,
Chloe Holt,ChloeHolt@gmail.com,SmartVideo Ultra - Homepage,SmartVideo Ultimate,,,,,,,,
Heidi Burke,HeidiBurke@gmail.com,SmartVideo Ultra - Homepage,SmartVideo Ultimate,,,,,,,,
Cecil Gonzalez,CecilGonzalez@gmail.com,SmartVideo Ultra - Homepage,SmartVideo Ultimate,,,,,,,,
Rosalyn Berry,RosalynBerry@gmail.com,SmartVideo Ultra - Homepage,SmartVideo Ultimate,,,,,,,,
Louis Knight,LouisKnight@gmail.com,SmartVideo Ultra - Homepage,SmartVideo Ultimate,,,,,,,,
Marvin Ward,MarvinWard@gmail.com,SmartVideo Ultra - Homepage,SmartVideo Ultimate,,,,,,,,
Cameron Nichols,CameronNichols@gmail.com,SmartVideo Ultra - Homepage,SmartVideo Ultimate,,,,,,,,
Samantha Barnes,SamanthaBarnes@gmail.com,SmartVideo Ultra - Homepage,SmartVideo Ultimate,,,,,,,,
Francisco Gray,FranciscoGray@gmail.com,SmartVideo Ultra - Homepage,SmartVideo Ultimate,,,,,,,,
Edward Barrett,EdwardBarrett@gmail.com,SmartVideo Ultra - Homepage,SmartVideo Ultimate,,,,,,,,
Tammy Davis,TammyDavis@gmail.com,SmartVideo Ultra - Homepage,SmartVideo Ultimate,,,,,,,,
Miguel Rice,MiguelRice@gmail.com,SmartVideo Ultra - Homepage,SmartVideo Ultimate,,,,,,,,
Kyle White,KyleWhite@gmail.com,SmartVideo Ultra - Homepage,SmartVideo Ultimate,,,,,,,,
Britney Taylor,BritneyTaylor@gmail.com,SmartVideo Ultra - Homepage,SmartVideo Ultimate,,,,,,,,
Suzanna Romero,SuzannaRomero@gmail.com,SmartVideo Ultra - Homepage,SmartVideo Ultimate,,,,,,,,
Sarah Graves,SarahGraves@gmail.com,SmartVideo Ultra - Homepage,SmartVideo Ultimate,,,,,,,,
Rose Stanley,RoseStanley@gmail.com,SmartVideo Ultra - Homepage,SmartVideo Ultimate,,,,,,,,
Diane Curtis,DianeCurtis@gmail.com,SmartVideo Ultra - Homepage,SmartVideo Ultimate,,,,,,,,
Paige Steward,PaigeSteward@gmail.com,SmartVideo Ultra - Homepage,SmartVideo Ultimate,,,,,,,,
Isabella Shelton,IsabellaShelton@gmail.com,SmartVideo Ultra - Homepage,SmartVideo Ultimate,,,,,,,,
Maria Thompson,MariaThompson@gmail.com,SmartVideo Ultra - Homepage,SmartVideo Ultimate,,,,,,,,
Julia Kuhn,JuliaKuhn@gmail.com,SmartVideo Ultra - Homepage,SmartVideo Ultimate,,,,,,,,
Susie Evans,SusieEvans@gmail.com,SmartVideo Ultra - Homepage,SmartVideo Ultimate,,,,,,,,
Tristan Rodriquez,TristanRodriquez@gmail.com,SmartVideo Ultra - Homepage,SmartVideo Ultimate,,,,,,,,
Lucy Foster,LucyFoster@gmail.com,SmartVideo Ultra - Homepage,SmartVideo Ultimate,,,,,,,,
Jared Powell,JaredPowell@gmail.com,SmartVideo Ultra - Homepage,SmartVideo Ultimate,,,,,,,,
Gabe Butler,GabeButler@gmail.com,SmartVideo Ultra - Homepage,SmartVideo Ultimate,,,,,,,,
Katherine Turner,KatherineTurner@gmail.com,SmartVideo Ultra - Homepage,SmartVideo Ultimate,,,,,,,,
Bradley Austin,BradleyAustin@gmail.com,SmartVideo Ultra - Homepage,SmartVideo Ultimate,,,,,,,,
Franklin Marshall,FranklinMarshall@gmail.com,SmartVideo Ultra - Homepage,SmartVideo Ultimate,,,,,,,,
Ed Barnett,EdBarnett@gmail.com,SmartVideo Ultra - Homepage,SmartVideo Ultimate,,,,,,,,
Alfredo Craig,AlfredoCraig@gmail.com,SmartVideo Ultra - Homepage,SmartVideo Ultimate,,,,,,,,
Gregory Johnson,GregoryJohnson@gmail.com,SmartVideo Ultra - Homepage,SmartVideo Ultimate,,,,,,,,
Megan Larson,MeganLarson@gmail.com,SmartVideo Ultra - Homepage,SmartVideo Ultimate,,,,,,,,
Marie Chambers,MarieChambers@gmail.com,SmartVideo Ultra - Homepage,SmartVideo Ultimate,,,,,,,,
Douglas Jennings,DouglasJennings@gmail.com,SmartVideo Ultra - Homepage,SmartVideo Ultimate,,,,,,,,
Vicki Tucker,VickiTucker@gmail.com,SmartVideo Ultra - Homepage,SmartVideo Ultimate,,,,,,,,
Tracy Wilson,TracyWilson@gmail.com,SmartVideo Ultra - Homepage,SmartVideo Ultimate,,,,,,,,
Suzanna Jennings,SuzannaJennings@gmail.com,SmartVideo Ultra - Homepage,SmartVideo Ultimate,,,,,,,,
Linda Simpson,LindaSimpson@gmail.com,SmartVideo Ultra - Homepage,SmartVideo Ultimate,,,,,,,,
Harvey McWhorter,harveydenv@gmail.com,SmartVideo Evolution A.I. Access,SmartVideo Interactive Design Club - Monthly,,,,,,,,
Hartmut Weidner,hartmut-weidner@mail.de,SmartVideo Evolution A.I. Access,SmartVideo Interactive Design Club - Monthly,,,,,,,,
Curtis Thomas,darkstyle@msn.com,SmartVideo  Interactive Design Club,Social Media Personalized Video Prospecting Bundle,,,,,,,,
Tom Bodner,ThomasPublications@gmail.com,SmartVideo  Interactive Design Club,Social Media Personalized Video Prospecting Bundle,,,,,,,,
Darlene Rogers,rogersdarlene0@gmail.com,SmartVideo Ultra - Homepage,SmartVideo Ultra - Monthly,,,,,,,,
Lloyd Heath,lloydvheath@gmail.com,SmartVideo Evolution A.I. Access,SmartVideo Interactive Design Club - Monthly,,,,,,,,
Brian Devine,brian@toplinemanagement.com,VideoRemix Link-ED,VideoRemix Link-ED (YEARLY),,,,,,,,
Karen Gussie,karrynusa@yahoo.com,VideoRemix Link-ED,VideoRemix Link-ED (YEARLY),,,,,,,,
Sara Barnett,SaraBarnett@gmail.com,SmartVideo Ultra - Homepage,SmartVideo Ultimate,,,,,,,,
Eduardo Gonzalez,EduardoGonzalez@gmail.com,SmartVideo Ultra - Homepage,SmartVideo Ultimate,,,,,,,,
Chloe Holt,ChloeHolt@gmail.com,SmartVideo Ultra - Homepage,SmartVideo Ultimate,,,,,,,,
Heidi Burke,HeidiBurke@gmail.com,SmartVideo Ultra - Homepage,SmartVideo Ultimate,,,,,,,,
Cecil Gonzalez,CecilGonzalez@gmail.com,SmartVideo Ultra - Homepage,SmartVideo Ultimate,,,,,,,,
Rosalyn Berry,RosalynBerry@gmail.com,SmartVideo Ultra - Homepage,SmartVideo Ultimate,,,,,,,,
Louis Knight,LouisKnight@gmail.com,SmartVideo Ultra - Homepage,SmartVideo Ultimate,,,,,,,,
Marvin Ward,MarvinWard@gmail.com,SmartVideo Ultra - Homepage,SmartVideo Ultimate,,,,,,,,
Cameron Nichols,CameronNichols@gmail.com,SmartVideo Ultra - Homepage,SmartVideo Ultimate,,,,,,,,
Samantha Barnes,SamanthaBarnes@gmail.com,SmartVideo Ultra - Homepage,SmartVideo Ultimate,,,,,,,,
Francisco Gray,FranciscoGray@gmail.com,SmartVideo Ultra - Homepage,SmartVideo Ultimate,,,,,,,,
Edward Barrett,EdwardBarrett@gmail.com,SmartVideo Ultra - Homepage,SmartVideo Ultimate,,,,,,,,
Tammy Davis,TammyDavis@gmail.com,SmartVideo Ultra - Homepage,SmartVideo Ultimate,,,,,,,,
Miguel Rice,MiguelRice@gmail.com,SmartVideo Ultra - Homepage,SmartVideo Ultimate,,,,,,,,
Kyle White,KyleWhite@gmail.com,SmartVideo Ultra - Homepage,SmartVideo Ultimate,,,,,,,,
Britney Taylor,BritneyTaylor@gmail.com,SmartVideo Ultra - Homepage,SmartVideo Ultimate,,,,,,,,
Suzanna Romero,SuzannaRomero@gmail.com,SmartVideo Ultra - Homepage,SmartVideo Ultimate,,,,,,,,
Sarah Graves,SarahGraves@gmail.com,SmartVideo Ultra - Homepage,SmartVideo Ultimate,,,,,,,,
Rose Stanley,RoseStanley@gmail.com,SmartVideo Ultra - Homepage,SmartVideo Ultimate,,,,,,,,
Diane Curtis,DianeCurtis@gmail.com,SmartVideo Ultra - Homepage,SmartVideo Ultimate,,,,,,,,
Paige Steward,PaigeSteward@gmail.com,SmartVideo Ultra - Homepage,SmartVideo Ultimate,,,,,,,,
Isabella Shelton,IsabellaShelton@gmail.com,SmartVideo Ultra - Homepage,SmartVideo Ultimate,,,,,,,,
Maria Thompson,MariaThompson@gmail.com,SmartVideo Ultra - Homepage,SmartVideo Ultimate,,,,,,,,
Julia Kuhn,JuliaKuhn@gmail.com,SmartVideo Ultra - Homepage,SmartVideo Ultimate,,,,,,,,
Susie Evans,SusieEvans@gmail.com,SmartVideo Ultra - Homepage,SmartVideo Ultimate,,,,,,,,
Tristan Rodriquez,TristanRodriquez@gmail.com,SmartVideo Ultra - Homepage,SmartVideo Ultimate,,,,,,,,
Lucy Foster,LucyFoster@gmail.com,SmartVideo Ultra - Homepage,SmartVideo Ultimate,,,,,,,,
Jared Powell,JaredPowell@gmail.com,SmartVideo Ultra - Homepage,SmartVideo Ultimate,,,,,,,,
Gabe Butler,GabeButler@gmail.com,SmartVideo Ultra - Homepage,SmartVideo Ultimate,,,,,,,,
Katherine Turner,KatherineTurner@gmail.com,SmartVideo Ultra - Homepage,SmartVideo Ultimate,,,,,,,,
Bradley Austin,BradleyAustin@gmail.com,SmartVideo Ultra - Homepage,SmartVideo Ultimate,,,,,,,,
Franklin Marshall,FranklinMarshall@gmail.com,SmartVideo Ultra - Homepage,SmartVideo Ultimate,,,,,,,,
Ed Barnett,EdBarnett@gmail.com,SmartVideo Ultra - Homepage,SmartVideo Ultimate,,,,,,,,
Alfredo Craig,AlfredoCraig@gmail.com,SmartVideo Ultra - Homepage,SmartVideo Ultimate,,,,,,,,
Gregory Johnson,GregoryJohnson@gmail.com,SmartVideo Ultra - Homepage,SmartVideo Ultimate,,,,,,,,
Megan Larson,MeganLarson@gmail.com,SmartVideo Ultra - Homepage,SmartVideo Ultimate,,,,,,,,
Marie Chambers,MarieChambers@gmail.com,SmartVideo Ultra - Homepage,SmartVideo Ultimate,,,,,,,,
Douglas Jennings,DouglasJennings@gmail.com,SmartVideo Ultra - Homepage,SmartVideo Ultimate,,,,,,,,
Vicki Tucker,VickiTucker@gmail.com,SmartVideo Ultra - Homepage,SmartVideo Ultimate,,,,,,,,
Tracy Wilson,TracyWilson@gmail.com,SmartVideo Ultra - Homepage,SmartVideo Ultimate,,,,,,,,
Suzanna Jennings,SuzannaJennings@gmail.com,SmartVideo Ultra - Homepage,SmartVideo Ultimate,,,,,,,,
Linda Simpson,LindaSimpson@gmail.com,SmartVideo Ultra - Homepage,SmartVideo Ultimate,,,,,,,,
Harvey McWhorter,harveydenv@gmail.com,SmartVideo Evolution A.I. Access,SmartVideo Interactive Design Club - Monthly,,,,,,,,
Hartmut Weidner,hartmut-weidner@mail.de,SmartVideo Evolution A.I. Access,SmartVideo Interactive Design Club - Monthly,,,,,,,,
Curtis Thomas,darkstyle@msn.com,SmartVideo  Interactive Design Club,Social Media Personalized Video Prospecting Bundle,,,,,,,,
Tom Bodner,ThomasPublications@gmail.com,SmartVideo  Interactive Design Club,Social Media Personalized Video Prospecting Bundle,,,,,,,,
Darlene Rogers,rogersdarlene0@gmail.com,SmartVideo Ultra - Homepage,SmartVideo Ultra - Monthly,,,,,,,,
Lloyd Heath,lloydvheath@gmail.com,SmartVideo Evolution A.I. Access,SmartVideo Interactive Design Club - Monthly,,,,,,,,
Brian Devine,brian@toplinemanagement.com,VideoRemix Link-ED,VideoRemix Link-ED (YEARLY),,,,,,,,
Karen Gussie,karrynusa@yahoo.com,VideoRemix Link-ED,VideoRemix Link-ED (YEARLY),,,,,,,,
Sara Barnett,SaraBarnett@gmail.com,SmartVideo Ultra - Homepage,SmartVideo Ultimate,,,,,,,,
Eduardo Gonzalez,EduardoGonzalez@gmail.com,SmartVideo Ultra - Homepage,SmartVideo Ultimate,,,,,,,,
Chloe Holt,ChloeHolt@gmail.com,SmartVideo Ultra - Homepage,SmartVideo Ultimate,,,,,,,,
Heidi Burke,HeidiBurke@gmail.com,SmartVideo Ultra - Homepage,SmartVideo Ultimate,,,,,,,,
Cecil Gonzalez,CecilGonzalez@gmail.com,SmartVideo Ultra - Homepage,SmartVideo Ultimate,,,,,,,,
Rosalyn Berry,RosalynBerry@gmail.com,SmartVideo Ultra - Homepage,SmartVideo Ultimate,,,,,,,,
Louis Knight,LouisKnight@gmail.com,SmartVideo Ultra - Homepage,SmartVideo Ultimate,,,,,,,,
Marvin Ward,MarvinWard@gmail.com,SmartVideo Ultra - Homepage,SmartVideo Ultimate,,,,,,,,
Cameron Nichols,CameronNichols@gmail.com,SmartVideo Ultra - Homepage,SmartVideo Ultimate,,,,,,,,
Samantha Barnes,SamanthaBarnes@gmail.com,SmartVideo Ultra - Homepage,SmartVideo Ultimate,,,,,,,,
Francisco Gray,FranciscoGray@gmail.com,SmartVideo Ultra - Homepage,SmartVideo Ultimate,,,,,,,,
Edward Barrett,EdwardBarrett@gmail.com,SmartVideo Ultra - Homepage,SmartVideo Ultimate,,,,,,,,
Tammy Davis,TammyDavis@gmail.com,SmartVideo Ultra - Homepage,SmartVideo Ultimate,,,,,,,,
Miguel Rice,MiguelRice@gmail.com,SmartVideo Ultra - Homepage,SmartVideo Ultimate,,,,,,,,
Kyle White,KyleWhite@gmail.com,SmartVideo Ultra - Homepage,SmartVideo Ultimate,,,,,,,,
Britney Taylor,BritneyTaylor@gmail.com,SmartVideo Ultra - Homepage,SmartVideo Ultimate,,,,,,,,
Suzanna Romero,SuzannaRomero@gmail.com,SmartVideo Ultra - Homepage,SmartVideo Ultimate,,,,,,,,
Sarah Graves,SarahGraves@gmail.com,SmartVideo Ultra - Homepage,SmartVideo Ultimate,,,,,,,,
Rose Stanley,RoseStanley@gmail.com,SmartVideo Ultra - Homepage,SmartVideo Ultimate,,,,,,,,
Diane Curtis,DianeCurtis@gmail.com,SmartVideo Ultra - Homepage,SmartVideo Ultimate,,,,,,,,
Paige Steward,PaigeSteward@gmail.com,SmartVideo Ultra - Homepage,SmartVideo Ultimate,,,,,,,,
Isabella Shelton,IsabellaShelton@gmail.com,SmartVideo Ultra - Homepage,SmartVideo Ultimate,,,,,,,,
Maria Thompson,MariaThompson@gmail.com,SmartVideo Ultra - Homepage,SmartVideo Ultimate,,,,,,,,
Julia Kuhn,JuliaKuhn@gmail.com,SmartVideo Ultra - Homepage,SmartVideo Ultimate,,,,,,,,
Susie Evans,SusieEvans@gmail.com,SmartVideo Ultra - Homepage,SmartVideo Ultimate,,,,,,,,
Tristan Rodriquez,TristanRodriquez@gmail.com,SmartVideo Ultra - Homepage,SmartVideo Ultimate,,,,,,,,
Lucy Foster,LucyFoster@gmail.com,SmartVideo Ultra - Homepage,SmartVideo Ultimate,,,,,,,,
Jared Powell,JaredPowell@gmail.com,SmartVideo Ultra - Homepage,SmartVideo Ultimate,,,,,,,,
Gabe Butler,GabeButler@gmail.com,SmartVideo Ultra - Homepage,SmartVideo Ultimate,,,,,,,,
Katherine Turner,KatherineTurner@gmail.com,SmartVideo Ultra - Homepage,SmartVideo Ultimate,,,,,,,,
Bradley Austin,BradleyAustin@gmail.com,SmartVideo Ultra - Homepage,SmartVideo Ultimate,,,,,,,,
Franklin Marshall,FranklinMarshall@gmail.com,SmartVideo Ultra - Homepage,SmartVideo Ultimate,,,,,,,,
Ed Barnett,EdBarnett@gmail.com,SmartVideo Ultra - Homepage,SmartVideo Ultimate,,,,,,,,
Alfredo Craig,AlfredoCraig@gmail.com,SmartVideo Ultra - Homepage,SmartVideo Ultimate,,,,,,,,
Gregory Johnson,GregoryJohnson@gmail.com,SmartVideo Ultra - Homepage,SmartVideo Ultimate,,,,,,,,
Megan Larson,MeganLarson@gmail.com,SmartVideo Ultra - Homepage,SmartVideo Ultimate,,,,,,,,
Marie Chambers,MarieChambers@gmail.com,SmartVideo Ultra - Homepage,SmartVideo Ultimate,,,,,,,,
Douglas Jennings,DouglasJennings@gmail.com,SmartVideo Ultra - Homepage,SmartVideo Ultimate,,,,,,,,
Vicki Tucker,VickiTucker@gmail.com,SmartVideo Ultra - Homepage,SmartVideo Ultimate,,,,,,,,
Tracy Wilson,TracyWilson@gmail.com,SmartVideo Ultra - Homepage,SmartVideo Ultimate,,,,,,,,
Suzanna Jennings,SuzannaJennings@gmail.com,SmartVideo Ultra - Homepage,SmartVideo Ultimate,,,,,,,,
Linda Simpson,LindaSimpson@gmail.com,SmartVideo Ultra - Homepage,SmartVideo Ultimate,,,,,,,,
Harvey McWhorter,harveydenv@gmail.com,SmartVideo Evolution A.I. Access,SmartVideo Interactive Design Club - Monthly,,,,,,,,
Hartmut Weidner,hartmut-weidner@mail.de,SmartVideo Evolution A.I. Access,SmartVideo Interactive Design Club - Monthly,,,,,,,,
Curtis Thomas,darkstyle@msn.com,SmartVideo  Interactive Design Club,Social Media Personalized Video Prospecting Bundle,,,,,,,,
Tom Bodner,ThomasPublications@gmail.com,SmartVideo  Interactive Design Club,Social Media Personalized Video Prospecting Bundle,,,,,,,,
Darlene Rogers,rogersdarlene0@gmail.com,SmartVideo Ultra - Homepage,SmartVideo Ultra - Monthly,,,,,,,,
Lloyd Heath,lloydvheath@gmail.com,SmartVideo Evolution A.I. Access,SmartVideo Interactive Design Club - Monthly,,,,,,,,
Brian Devine,brian@toplinemanagement.com,VideoRemix Link-ED,VideoRemix Link-ED (YEARLY),,,,,,,,
Karen Gussie,karrynusa@yahoo.com,VideoRemix Link-ED,VideoRemix Link-ED (YEARLY),,,,,,,,
Sara Barnett,SaraBarnett@gmail.com,SmartVideo Ultra - Homepage,SmartVideo Ultimate,,,,,,,,
Eduardo Gonzalez,EduardoGonzalez@gmail.com,SmartVideo Ultra - Homepage,SmartVideo Ultimate,,,,,,,,
Chloe Holt,ChloeHolt@gmail.com,SmartVideo Ultra - Homepage,SmartVideo Ultimate,,,,,,,,
Heidi Burke,HeidiBurke@gmail.com,SmartVideo Ultra - Homepage,SmartVideo Ultimate,,,,,,,,
Cecil Gonzalez,CecilGonzalez@gmail.com,SmartVideo Ultra - Homepage,SmartVideo Ultimate,,,,,,,,
Rosalyn Berry,RosalynBerry@gmail.com,SmartVideo Ultra - Homepage,SmartVideo Ultimate,,,,,,,,
Louis Knight,LouisKnight@gmail.com,SmartVideo Ultra - Homepage,SmartVideo Ultimate,,,,,,,,
Marvin Ward,MarvinWard@gmail.com,SmartVideo Ultra - Homepage,SmartVideo Ultimate,,,,,,,,
Cameron Nichols,CameronNichols@gmail.com,SmartVideo Ultra - Homepage,SmartVideo Ultimate,,,,,,,,
Samantha Barnes,SamanthaBarnes@gmail.com,SmartVideo Ultra - Homepage,SmartVideo Ultimate,,,,,,,,
Francisco Gray,FranciscoGray@gmail.com,SmartVideo Ultra - Homepage,SmartVideo Ultimate,,,,,,,,
Edward Barrett,EdwardBarrett@gmail.com,SmartVideo Ultra - Homepage,SmartVideo Ultimate,,,,,,,,
Tammy Davis,TammyDavis@gmail.com,SmartVideo Ultra - Homepage,SmartVideo Ultimate,,,,,,,,
Miguel Rice,MiguelRice@gmail.com,SmartVideo Ultra - Homepage,SmartVideo Ultimate,,,,,,,,
Kyle White,KyleWhite@gmail.com,SmartVideo Ultra - Homepage,SmartVideo Ultimate,,,,,,,,
Britney Taylor,BritneyTaylor@gmail.com,SmartVideo Ultra - Homepage,SmartVideo Ultimate,,,,,,,,
Suzanna Romero,SuzannaRomero@gmail.com,SmartVideo Ultra - Homepage,SmartVideo Ultimate,,,,,,,,
Sarah Graves,SarahGraves@gmail.com,SmartVideo Ultra - Homepage,SmartVideo Ultimate,,,,,,,,
Rose Stanley,RoseStanley@gmail.com,SmartVideo Ultra - Homepage,SmartVideo Ultimate,,,,,,,,
Diane Curtis,DianeCurtis@gmail.com,SmartVideo Ultra - Homepage,SmartVideo Ultimate,,,,,,,,
Paige Steward,PaigeSteward@gmail.com,SmartVideo Ultra - Homepage,SmartVideo Ultimate,,,,,,,,
Isabella Shelton,IsabellaShelton@gmail.com,SmartVideo Ultra - Homepage,SmartVideo Ultimate,,,,,,,,
Maria Thompson,MariaThompson@gmail.com,SmartVideo Ultra - Homepage,SmartVideo Ultimate,,,,,,,,
Julia Kuhn,JuliaKuhn@gmail.com,SmartVideo Ultra - Homepage,SmartVideo Ultimate,,,,,,,,
Susie Evans,SusieEvans@gmail.com,SmartVideo Ultra - Homepage,SmartVideo Ultimate,,,,,,,,
Tristan Rodriquez,TristanRodriquez@gmail.com,SmartVideo Ultra - Homepage,SmartVideo Ultimate,,,,,,,,
Lucy Foster,LucyFoster@gmail.com,SmartVideo Ultra - Homepage,SmartVideo Ultimate,,,,,,,,
Jared Powell,JaredPowell@gmail.com,SmartVideo Ultra - Homepage,SmartVideo Ultimate,,,,,,,,
Gabe Butler,GabeButler@gmail.com,SmartVideo Ultra - Homepage,SmartVideo Ultimate,,,,,,,,
Katherine Turner,KatherineTurner@gmail.com,SmartVideo Ultra - Homepage,SmartVideo Ultimate,,,,,,,,
Bradley Austin,BradleyAustin@gmail.com,SmartVideo Ultra - Homepage,SmartVideo Ultimate,,,,,,,,
Franklin Marshall,FranklinMarshall@gmail.com,SmartVideo Ultra - Homepage,SmartVideo Ultimate,,,,,,,,
Ed Barnett,EdBarnett@gmail.com,SmartVideo Ultra - Homepage,SmartVideo Ultimate,,,,,,,,
Alfredo Craig,AlfredoCraig@gmail.com,SmartVideo Ultra - Homepage,SmartVideo Ultimate,,,,,,,,
Gregory Johnson,GregoryJohnson@gmail.com,SmartVideo Ultra - Homepage,SmartVideo Ultimate,,,,,,,,
Megan Larson,MeganLarson@gmail.com,SmartVideo Ultra - Homepage,SmartVideo Ultimate,,,,,,,,
Marie Chambers,MarieChambers@gmail.com,SmartVideo Ultra - Homepage,SmartVideo Ultimate,,,,,,,,
Douglas Jennings,DouglasJennings@gmail.com,SmartVideo Ultra - Homepage,SmartVideo Ultimate,,,,,,,,
Vicki Tucker,VickiTucker@gmail.com,SmartVideo Ultra - Homepage,SmartVideo Ultimate,,,,,,,,
Tracy Wilson,TracyWilson@gmail.com,SmartVideo Ultra - Homepage,SmartVideo Ultimate,,,,,,,,
Suzanna Jennings,SuzannaJennings@gmail.com,SmartVideo Ultra - Homepage,SmartVideo Ultimate,,,,,,,,
Linda Simpson,LindaSimpson@gmail.com,SmartVideo Ultra - Homepage,SmartVideo Ultimate,,,,,,,,
Harvey McWhorter,harveydenv@gmail.com,SmartVideo Evolution A.I. Access,SmartVideo Interactive Design Club - Monthly,,,,,,,,
Hartmut Weidner,hartmut-weidner@mail.de,SmartVideo Evolution A.I. Access,SmartVideo Interactive Design Club - Monthly,,,,,,,,
Curtis Thomas,darkstyle@msn.com,SmartVideo  Interactive Design Club,Social Media Personalized Video Prospecting Bundle,,,,,,,,
Tom Bodner,ThomasPublications@gmail.com,SmartVideo  Interactive Design Club,Social Media Personalized Video Prospecting Bundle,,,,,,,,
Darlene Rogers,rogersdarlene0@gmail.com,SmartVideo Ultra - Homepage,SmartVideo Ultra - Monthly,,,,,,,,
Lloyd Heath,lloydvheath@gmail.com,SmartVideo Evolution A.I. Access,SmartVideo Interactive Design Club - Monthly,,,,,,,,
Brian Devine,brian@toplinemanagement.com,VideoRemix Link-ED,VideoRemix Link-ED (YEARLY),,,,,,,,
Karen Gussie,karrynusa@yahoo.com,VideoRemix Link-ED,VideoRemix Link-ED (YEARLY),,,,,,,,
Sara Barnett,SaraBarnett@gmail.com,SmartVideo Ultra - Homepage,SmartVideo Ultimate,,,,,,,,
Eduardo Gonzalez,EduardoGonzalez@gmail.com,SmartVideo Ultra - Homepage,SmartVideo Ultimate,,,,,,,,
Chloe Holt,ChloeHolt@gmail.com,SmartVideo Ultra - Homepage,SmartVideo Ultimate,,,,,,,,
Heidi Burke,HeidiBurke@gmail.com,SmartVideo Ultra - Homepage,SmartVideo Ultimate,,,,,,,,
Cecil Gonzalez,CecilGonzalez@gmail.com,SmartVideo Ultra - Homepage,SmartVideo Ultimate,,,,,,,,
Rosalyn Berry,RosalynBerry@gmail.com,SmartVideo Ultra - Homepage,SmartVideo Ultimate,,,,,,,,
Louis Knight,LouisKnight@gmail.com,SmartVideo Ultra - Homepage,SmartVideo Ultimate,,,,,,,,
Marvin Ward,MarvinWard@gmail.com,SmartVideo Ultra - Homepage,SmartVideo Ultimate,,,,,,,,
Cameron Nichols,CameronNichols@gmail.com,SmartVideo Ultra - Homepage,SmartVideo Ultimate,,,,,,,,
Samantha Barnes,SamanthaBarnes@gmail.com,SmartVideo Ultra - Homepage,SmartVideo Ultimate,,,,,,,,
Francisco Gray,FranciscoGray@gmail.com,SmartVideo Ultra - Homepage,SmartVideo Ultimate,,,,,,,,
Edward Barrett,EdwardBarrett@gmail.com,SmartVideo Ultra - Homepage,SmartVideo Ultimate,,,,,,,,
Tammy Davis,TammyDavis@gmail.com,SmartVideo Ultra - Homepage,SmartVideo Ultimate,,,,,,,,
Miguel Rice,MiguelRice@gmail.com,SmartVideo Ultra - Homepage,SmartVideo Ultimate,,,,,,,,
Kyle White,KyleWhite@gmail.com,SmartVideo Ultra - Homepage,SmartVideo Ultimate,,,,,,,,
Britney Taylor,BritneyTaylor@gmail.com,SmartVideo Ultra - Homepage,SmartVideo Ultimate,,,,,,,,
Suzanna Romero,SuzannaRomero@gmail.com,SmartVideo Ultra - Homepage,SmartVideo Ultimate,,,,,,,,
Sarah Graves,SarahGraves@gmail.com,SmartVideo Ultra - Homepage,SmartVideo Ultimate,,,,,,,,
Rose Stanley,RoseStanley@gmail.com,SmartVideo Ultra - Homepage,SmartVideo Ultimate,,,,,,,,
Diane Curtis,DianeCurtis@gmail.com,SmartVideo Ultra - Homepage,SmartVideo Ultimate,,,,,,,,
Paige Steward,PaigeSteward@gmail.com,SmartVideo Ultra - Homepage,SmartVideo Ultimate,,,,,,,,
Isabella Shelton,IsabellaShelton@gmail.com,SmartVideo Ultra - Homepage,SmartVideo Ultimate,,,,,,,,
Maria Thompson,MariaThompson@gmail.com,SmartVideo Ultra - Homepage,SmartVideo Ultimate,,,,,,,,
Julia Kuhn,JuliaKuhn@gmail.com,SmartVideo Ultra - Homepage,SmartVideo Ultimate,,,,,,,,
Susie Evans,SusieEvans@gmail.com,SmartVideo Ultra - Homepage,SmartVideo Ultimate,,,,,,,,
Tristan Rodriquez,TristanRodriquez@gmail.com,SmartVideo Ultra - Homepage,SmartVideo Ultimate,,,,,,,,
Lucy Foster,LucyFoster@gmail.com,SmartVideo Ultra - Homepage,SmartVideo Ultimate,,,,,,,,
Jared Powell,JaredPowell@gmail.com,SmartVideo Ultra - Homepage,SmartVideo Ultimate,,,,,,,,
Gabe Butler,GabeButler@gmail.com,SmartVideo Ultra - Homepage,SmartVideo Ultimate,,,,,,,,
Katherine Turner,KatherineTurner@gmail.com,SmartVideo Ultra - Homepage,SmartVideo Ultimate,,,,,,,,
Bradley Austin,BradleyAustin@gmail.com,SmartVideo Ultra - Homepage,SmartVideo Ultimate,,,,,,,,
Franklin Marshall,FranklinMarshall@gmail.com,SmartVideo Ultra - Homepage,SmartVideo Ultimate,,,,,,,,
Ed Barnett,EdBarnett@gmail.com,SmartVideo Ultra - Homepage,SmartVideo Ultimate,,,,,,,,
Alfredo Craig,AlfredoCraig@gmail.com,SmartVideo Ultra - Homepage,SmartVideo Ultimate,,,,,,,,
Gregory Johnson,GregoryJohnson@gmail.com,SmartVideo Ultra - Homepage,SmartVideo Ultimate,,,,,,,,
Megan Larson,MeganLarson@gmail.com,SmartVideo Ultra - Homepage,SmartVideo Ultimate,,,,,,,,
Marie Chambers,MarieChambers@gmail.com,SmartVideo Ultra - Homepage,SmartVideo Ultimate,,,,,,,,
Douglas Jennings,DouglasJennings@gmail.com,SmartVideo Ultra - Homepage,SmartVideo Ultimate,,,,,,,,
Vicki Tucker,VickiTucker@gmail.com,SmartVideo Ultra - Homepage,SmartVideo Ultimate,,,,,,,,
Tracy Wilson,TracyWilson@gmail.com,SmartVideo Ultra - Homepage,SmartVideo Ultimate,,,,,,,,
Suzanna Jennings,SuzannaJennings@gmail.com,SmartVideo Ultra - Homepage,SmartVideo Ultimate,,,,,,,,
Linda Simpson,LindaSimpson@gmail.com,SmartVideo Ultra - Homepage,SmartVideo Ultimate,,,,,,,,